/*
SQLyog Ultimate v11.24 (32 bit)
MySQL - 5.5.34-log : Database - pp_ci_production
*********************************************************************
*/

/*!40101 SET NAMES utf8 */;

/*!40101 SET SQL_MODE=''*/;

/*!40014 SET @OLD_UNIQUE_CHECKS=@@UNIQUE_CHECKS, UNIQUE_CHECKS=0 */;
/*!40014 SET @OLD_FOREIGN_KEY_CHECKS=@@FOREIGN_KEY_CHECKS, FOREIGN_KEY_CHECKS=0 */;
/*!40101 SET @OLD_SQL_MODE=@@SQL_MODE, SQL_MODE='NO_AUTO_VALUE_ON_ZERO' */;
/*!40111 SET @OLD_SQL_NOTES=@@SQL_NOTES, SQL_NOTES=0 */;
CREATE DATABASE /*!32312 IF NOT EXISTS*/`pp_ci_production` /*!40100 DEFAULT CHARACTER SET utf8 */;

USE `pp_ci_production`;

/*Table structure for table `android_branch_for_build` */

DROP TABLE IF EXISTS `android_branch_for_build`;

CREATE TABLE `android_branch_for_build` (
  `branch_Id` int(11) NOT NULL AUTO_INCREMENT,
  `branch_name` varchar(255) DEFAULT NULL,
  `create_time` datetime DEFAULT NULL,
  `description` varchar(255) DEFAULT NULL,
  `server_url` varchar(255) DEFAULT NULL,
  `branch_status` varchar(30) DEFAULT 'enabled' COMMENT '0:已禁用,1:已启用',
  `update_time` datetime DEFAULT NULL,
  `version_code` varchar(255) DEFAULT NULL,
  `version_name` varchar(255) DEFAULT NULL,
  `last_build_time` datetime DEFAULT NULL,
  `pack_task_id` int(11) DEFAULT NULL,
  PRIMARY KEY (`branch_Id`)
) ENGINE=InnoDB AUTO_INCREMENT=36 DEFAULT CHARSET=utf8;

/*Data for the table `android_branch_for_build` */

insert  into `android_branch_for_build`(`branch_Id`,`branch_name`,`create_time`,`description`,`server_url`,`branch_status`,`update_time`,`version_code`,`version_name`,`last_build_time`,`pack_task_id`) values (25,'v3.4.0','2015-05-06 09:11:51','3.4.0','http://ppservertest4prea.test2.uae.uc.cn','enabled','2015-05-06 09:11:51','1337','3.4.0_ci','2015-05-06 09:11:51',71),(28,'v3.4.2','2015-05-06 21:05:12','3.4.2','http://ppservertest4prea.test2.uae.uc.cn','enabled','2015-05-06 21:05:12','1337','3.4.2_ci','2015-05-06 21:05:12',80),(30,'v3.5.0','2015-05-08 12:42:21','3.5.0','http://ppservertest4prea.test2.uae.uc.cn','enabled','2015-05-08 12:42:21','1339','3.5.0_ci','2015-05-08 12:42:21',89),(31,'v3.3.0','2015-05-11 18:20:22','3.3.0','http://ppservertest4prea.test2.uae.uc.cn','enabled','2015-05-11 18:20:22','','','2015-05-11 18:20:22',98),(32,'v3.3.0','2015-05-11 18:20:27','3.3.0','http://ppservertest4prea.test2.uae.uc.cn','disabled','2015-05-11 18:20:32','','','2015-05-11 18:20:27',0),(34,'v3.5.0_link','2015-05-15 18:51:13','跨屏分支','http://ppservertest4prea.test2.uae.uc.cn','enabled','2015-05-15 18:51:13','1337','3.5.0_link','2015-05-15 18:51:13',110),(35,'v3.5.1','2015-05-28 09:19:28','3.5.1','http://ppservertest4prea.test2.uae.uc.cn','enabled','2015-05-28 09:19:28','','','2015-05-28 09:19:28',0);

/*Table structure for table `android_device_info` */

DROP TABLE IF EXISTS `android_device_info`;

CREATE TABLE `android_device_info` (
  `device_id` int(11) NOT NULL AUTO_INCREMENT COMMENT '设备id',
  `device_brand` varchar(30) COLLATE utf8_unicode_ci DEFAULT NULL COMMENT '设备品牌',
  `device_model` varchar(30) COLLATE utf8_unicode_ci DEFAULT NULL COMMENT '设备型号',
  `imei` varchar(30) COLLATE utf8_unicode_ci DEFAULT NULL,
  `memory` varchar(30) COLLATE utf8_unicode_ci DEFAULT NULL,
  `system_version` varchar(50) COLLATE utf8_unicode_ci DEFAULT NULL COMMENT '系统版本',
  `screen_resolution` varchar(30) COLLATE utf8_unicode_ci DEFAULT NULL COMMENT '分辨率',
  `sequence_number` varchar(30) COLLATE utf8_unicode_ci DEFAULT NULL COMMENT '序列号',
  `builder` varchar(30) COLLATE utf8_unicode_ci DEFAULT NULL COMMENT 'builder',
  PRIMARY KEY (`device_id`)
) ENGINE=InnoDB AUTO_INCREMENT=2 DEFAULT CHARSET=utf8 COLLATE=utf8_unicode_ci;

/*Data for the table `android_device_info` */

insert  into `android_device_info`(`device_id`,`device_brand`,`device_model`,`imei`,`memory`,`system_version`,`screen_resolution`,`sequence_number`,`builder`) values (1,'Noka','test','test','300','4.0.1','400','1','test');

/*Table structure for table `android_issue_detail` */

DROP TABLE IF EXISTS `android_issue_detail`;

CREATE TABLE `android_issue_detail` (
  `issue_id` int(11) NOT NULL AUTO_INCREMENT,
  `issue_type` varchar(20) DEFAULT NULL,
  `issue_found_version` varchar(50) DEFAULT NULL,
  `issue_detail` text,
  `mantis_id` varchar(20) DEFAULT NULL,
  `create_time` datetime DEFAULT NULL,
  `save_to_mantis_status` varchar(20) DEFAULT NULL,
  PRIMARY KEY (`issue_id`)
) ENGINE=InnoDB AUTO_INCREMENT=49 DEFAULT CHARSET=utf8;

/*Data for the table `android_issue_detail` */

insert  into `android_issue_detail`(`issue_id`,`issue_type`,`issue_found_version`,`issue_detail`,`mantis_id`,`create_time`,`save_to_mantis_status`) values (36,'memoryLeak','3.5.1_dev','PPAJsController中保存了Activity的引用，并且当web页关闭之后也没有将mActivity置空。    3.5版本在destory上置为空，下一个版本计划通过回调接口形式将界面相关的东西交还给界面处理，避免参数不断忘里传递最后没管理好导致内存泄露','398929','2015-05-28 16:54:12','success'),(37,'memoryLeak','3.5.1_dev','PPSearchFragment中，搜索出现框计算时，StateView存在内存泄露。','398930','2015-05-28 16:54:22','success'),(38,'memoryLeak','3.5.1_dev','PPHomeSearchView中注册了PPDefaultWordChangedCallback回调没有释放。','398931','2015-05-28 16:54:38','success'),(39,'memoryLeak','3.5.1_dev','PPKooMovieManager PPKooMovieFragment中的一个匿名OnKooMovieRestoreCallBack 注册后没有释放。','398932','2015-05-28 16:54:50','success'),(40,'memoryLeak','3.5.1_dev','PPKooMovieImageCategoryFragment中PPKooMovieManager.getInstance().registerTaskChangedListener(mKooMovieTask.hashCode, getTaskChangedListener());   getTaskChangedListener方法返回匿名内部类，导致该listener不能被remove。   页面销毁时反注册','398934','2015-05-28 16:55:05','success'),(41,'memoryLeak','3.5.1_dev','PPBaseActivity startBarcodeActivity中 PPBarcodeReceiver.getInstance(this).registerBarCodeReceiver(); 将activity传入了一个单例中。','398935','2015-05-28 16:55:15','success'),(42,'memoryLeak','3.5.1_dev','PPAJsController中导致CommonWebActivity不能释放   In com.pp.assistant:3.5.0_trial1:1339. * com.pp.assistant.activity.PPCommonWebActivity has leaked: * GC ROOT static com.pp.assistant.ajs.PPAJsController.sInstance * references com.pp.assistant.ajs.PPAJsController.mAppJSInterface * references com.pp.assistant.manager.PPAppJSInterface.mHandler * references android.os.Handler.mCallback * references com.pp.assistant.ajs.PPAJsWebAppStateController.mContext * leaks com.pp.assistant.activity.PPCommonWebActivity instance [ 05-27 10:28:08.455 12950:18389 D/LeakCanary ]','398936','2015-05-28 16:55:35','success'),(43,'memoryLeak','3.5.1_dev','PPHomeFindFragment中 mOnDataSetChangedListener注册后并没有释放导致PPImageScanFragment不能释放。  PPImageScanFragment中会获取前一个页面的引用，用于获取下一页的数据，并且把自己设到前一个页面做回调，但是由于PPHomeFindFragment由于是在主页中，不会被销毁，故PPImageScanFragment不能释放。   该接口为PPIWPController。实现了该接口的Fragment并且把Listener(PPImageScanFragment)保存下来的都会存在这个问题。只要这些页面还存在，PPImageScanFragment就会存在。   ================Wed May 27 14:11:51 GMT+08:00 2015 In com.pp.assistant:3.5.0_trial1:1339. * com.pp.assistant.activity.PPDefaultFragmentActivity has leaked: * GC ROOT static com.pp.assistant.activity.PPMainActivity.sInstance * references com.pp.assistant.activity.PPMainActivity.mFragments * references java.util.ArrayList.array * references array java.lang.Object[].[3] * references com.pp.assistant.fragment.PPHomeFindFragment.mOnDataSetChangedListener * references com.pp.assistant.fragment.PPImageScanFragment.mActivity * leaks com.pp.assistant.activity.PPDefaultFragmentActivity instance * Reference Key: b46e1fa4-63e2-48ca-b948-ee1537b67047 * Device: samsung samsung SM-P600 lt03wifizc * Android Version: 4.4.2 API: 19 LeakCanary: 1.3.1 * Durations: watch=5129ms, gc=228ms, heap dump=1080ms, analysis=17425ms','398937','2015-05-28 16:56:01','success'),(44,'memoryLeak','3.5.1_dev','PPRamCleanManager注册了callback没有remove，导致PPSecurityOptActivity不能释放。  PPSecurityScanHandler中有一个onExist方法。 在这个方法里添加PPRamCleanManager的remove方法。  ================Wed May 27 15:40:31 GMT+08:00 2015 In com.pp.assistant:3.5.0_trial1:1339. * com.pp.assistant.activity.PPSecurityOptActivity has leaked: * GC ROOT static com.pp.assistant.manager.PPRamCleanManager.instance * references com.pp.assistant.manager.PPRamCleanManager.mProcessChangeCallback * references com.pp.assistant.manager.handler.PPSecurityScanHandler.mListener * references com.pp.assistant.fragment.PPSecurityOptFragment.mActivity * leaks com.pp.assistant.activity.PPSecurityOptActivity instance * Reference Key: a94c3174-7c42-4410-90f3-0bd823223fe9 * Device: samsung google Galaxy Nexus yakju * Android Version: 4.4.4 API: 19 LeakCanary: 1.3.1 * Durations: watch=5055ms, gc=159ms, heap dump=1327ms, analysis=15840ms','398939','2015-05-28 16:56:24','success'),(45,'memoryLeak','3.5.1_dev','PPGameGiftStateView向PPGameGiftStateManager注册后，并没有remove。导致这个View不能释放，从而使得整个Activity不能被释放。','398940','2015-05-28 16:56:35','success'),(46,'memoryLeak','3.5.1_dev','PPAJsController中的PPAJsApiInterface mAJsApi里面保存了一个activity，导致activity泄露。','398941','2015-05-28 16:56:43','success'),(47,'memoryLeak','3.5.1_devdd','1','','2015-05-28 17:00:59','error'),(48,'memoryLeak','3.5.1_devdd','1','','2015-05-28 17:09:46','error');

/*Table structure for table `android_main_task` */

DROP TABLE IF EXISTS `android_main_task`;

CREATE TABLE `android_main_task` (
  `main_task_id` int(11) NOT NULL AUTO_INCREMENT,
  `create_time` datetime DEFAULT NULL,
  `end_time` datetime DEFAULT NULL,
  `main_task_status` varchar(30) COLLATE utf8_unicode_ci DEFAULT 'waiting' COMMENT 'waiting:等待中, success:完成, processing:执行中 ,failed:失败',
  PRIMARY KEY (`main_task_id`)
) ENGINE=InnoDB AUTO_INCREMENT=232 DEFAULT CHARSET=utf8 COLLATE=utf8_unicode_ci;

/*Data for the table `android_main_task` */

insert  into `android_main_task`(`main_task_id`,`create_time`,`end_time`,`main_task_status`) values (163,'2015-05-06 09:12:47','2015-05-08 08:22:33','success'),(164,'2015-05-06 14:31:21','2015-05-08 08:22:43','success'),(165,'2015-05-06 14:31:22','2015-05-08 08:22:53','success'),(166,'2015-05-06 14:31:22','2015-05-08 08:23:13','success'),(176,'2015-05-07 21:39:09','2015-05-08 08:17:09','success'),(177,'2015-05-07 21:45:42','2015-05-08 08:16:59','success'),(180,'2015-05-08 11:54:18','2015-05-08 12:01:04','success'),(183,'2015-05-08 12:49:49','2015-05-08 12:57:01','success'),(187,'2015-05-11 15:14:25','2015-05-11 15:50:51','success'),(194,'2015-05-11 18:38:13','2015-05-11 18:44:26','success'),(195,'2015-05-11 18:46:23','2015-05-11 18:52:33','success'),(198,'2015-05-12 08:17:49','2015-05-15 08:59:35','success'),(199,'2015-05-13 21:59:15','2015-05-13 22:53:25','success'),(200,'2015-05-14 10:04:15','2015-05-14 10:11:03','success'),(207,'2015-05-15 20:34:26','2015-05-15 20:42:04','success'),(208,'2015-05-15 21:09:25','2015-05-15 21:16:31','success'),(211,'2015-05-19 08:29:46','2015-05-19 08:40:30','success'),(212,'2015-05-19 08:44:03','2015-05-19 08:51:17','success'),(217,'2015-05-20 13:35:53','2015-05-20 13:42:05','success'),(228,'2015-05-28 11:08:07','2015-05-28 11:19:14','success'),(231,'2015-05-28 11:38:51','2015-05-28 14:58:13','failed');

/*Table structure for table `android_pack_task` */

DROP TABLE IF EXISTS `android_pack_task`;

CREATE TABLE `android_pack_task` (
  `task_id` int(11) NOT NULL AUTO_INCREMENT,
  `main_task_id` int(11) DEFAULT NULL,
  `apk_name` varchar(255) DEFAULT NULL,
  `channel` varchar(50) DEFAULT NULL,
  `create_time` datetime DEFAULT NULL,
  `done_time` datetime DEFAULT NULL,
  `pp_server_url` varchar(255) DEFAULT NULL,
  `signature` varchar(10) DEFAULT NULL,
  `pack_task_status` varchar(30) DEFAULT 'waiting' COMMENT 'waiting:等待中, success:完成, processing:执行中 ,failed:失败',
  `build_type` varchar(30) DEFAULT 'continuous' COMMENT 'continuous表示持续构建，manual表示单次构建',
  `apk_url` varchar(255) DEFAULT NULL,
  `main_repository_branch` varchar(50) DEFAULT NULL COMMENT 'pp助手客户端Main工程的分支',
  `main_repository_tag` varchar(100) DEFAULT NULL COMMENT 'pp助手客户端Main工程打的Tag',
  `common_repository_branch` varchar(50) DEFAULT NULL COMMENT 'pp助手客户端Common工程的分支',
  `common_repository_tag` varchar(50) DEFAULT NULL COMMENT 'pp助手客户端Common工程打的Tag',
  `bar_code_repository_branch` varchar(50) DEFAULT 'master' COMMENT 'pp助手客户端barCode工程的分支，目前只有master',
  `bar_code_repository_tag` varchar(50) DEFAULT NULL COMMENT 'pp助手客户端barCode工程的Tag，一般为空',
  `version_code` varchar(50) DEFAULT NULL COMMENT '替换AndroidManifest.xml中的versionCode',
  `version_name` varchar(50) DEFAULT NULL COMMENT '替换AndroidManifest.xml中的versionName',
  `job_url` varchar(255) DEFAULT NULL,
  `agoo_key` varchar(50) DEFAULT NULL,
  `agoo_secret` varchar(50) DEFAULT NULL,
  `apk_md5` varchar(32) DEFAULT NULL,
  `release_apk_md5` varchar(32) DEFAULT NULL,
  `apk_byte_size` varchar(32) DEFAULT NULL,
  PRIMARY KEY (`task_id`),
  KEY `FK_PACK_TASK_MAIN_TASK` (`main_task_id`),
  CONSTRAINT `FK_PACK_TASK_MAIN_TASK` FOREIGN KEY (`main_task_id`) REFERENCES `android_main_task` (`main_task_id`)
) ENGINE=InnoDB AUTO_INCREMENT=140 DEFAULT CHARSET=utf8;

/*Data for the table `android_pack_task` */

insert  into `android_pack_task`(`task_id`,`main_task_id`,`apk_name`,`channel`,`create_time`,`done_time`,`pp_server_url`,`signature`,`pack_task_status`,`build_type`,`apk_url`,`main_repository_branch`,`main_repository_tag`,`common_repository_branch`,`common_repository_tag`,`bar_code_repository_branch`,`bar_code_repository_tag`,`version_code`,`version_name`,`job_url`,`agoo_key`,`agoo_secret`,`apk_md5`,`release_apk_md5`,`apk_byte_size`) values (72,163,NULL,'PP_24','2015-05-06 09:12:47','2015-05-06 09:19:24','http://ppservertest4prea.test2.uae.uc.cn','formal','success','manual_build','http://100.84.43.15:8080/pp_pack/apps/PPAssistant2015-05-06_09-12-55','v3.4.0','PP_3.4.0_trial2','v3.4.0','PP_3.4.0_trial2','master','','1337','3.4.0_trial2','http://pp.ucweb.local:8080/jenkins/job/pp_pack_test_lyy/46/console',NULL,NULL,NULL,NULL,NULL),(73,164,NULL,'PP_24','2015-05-06 14:31:21','2015-05-06 14:37:32','http://ppservertest4prea.test2.uae.uc.cn','formal','success','manual_build','http://100.84.43.15:8080/pp_pack/apps/PPAssistant2015-05-06_14-31-30','v3.4.0','','v3.4.0','','master','','1337','','http://pp.ucweb.local:8080/jenkins/job/pp_pack_test_lyy/46/console',NULL,NULL,NULL,NULL,NULL),(74,165,NULL,'PP_24','2015-05-06 14:31:22','2015-05-06 14:43:33','http://ppservertest4prea.test2.uae.uc.cn','formal','success','manual_build','http://100.84.43.15:8080/pp_pack/apps/PPAssistant2015-05-06_14-37-32','v3.4.0','','v3.4.0','','master','','1337','','http://pp.ucweb.local:8080/jenkins/job/pp_pack_test_lyy/46/console',NULL,NULL,NULL,NULL,NULL),(75,166,NULL,'PP_24','2015-05-06 14:31:22','2015-05-06 14:49:32','http://ppservertest4prea.test2.uae.uc.cn','formal','success','manual_build','http://100.84.43.15:8080/pp_pack/apps/PPAssistant2015-05-06_14-43-33','v3.4.0','','v3.4.0','','master','','1337','','http://pp.ucweb.local:8080/jenkins/job/pp_pack_test_lyy/46/console',NULL,NULL,NULL,NULL,NULL),(84,176,NULL,'PP_24','2015-05-07 21:39:09','2015-05-07 21:45:11','http://ppservertest4prea.test2.uae.uc.cn','formal','success','manual_build','http://100.84.43.15:8080/pp_pack/apps/PPAssistant2015-05-07_21-39-15','v3.4.2','PP_3.4.2_RC2','v3.4.2','PP_3.4.2_RC2','master','','1337','3.4.2_RC2','http://pp.ucweb.local:8080/jenkins/job/pp_pack_test_lyy/46/console',NULL,NULL,NULL,NULL,NULL),(85,177,NULL,'PP_24','2015-05-07 21:45:42','2015-05-07 21:51:44','http://ppservertest4prea.test2.uae.uc.cn','formal','success','manual_build','http://100.84.43.15:8080/pp_pack/apps/PPAssistant2015-05-07_21-45-50','v3.4.2','PP_3.4.2_RC2','v3.4.2','PP_3.4.2_RC2','master','','1337','3.4.2_RC2','http://pp.ucweb.local:8080/jenkins/job/pp_pack_test_lyy/46/console',NULL,NULL,NULL,NULL,NULL),(88,180,NULL,'PP_24','2015-05-08 11:54:18','2015-05-08 12:01:00','http://ppservertest4prea.test2.uae.uc.cn','formal','success','manual_build','http://100.84.43.15:8080/pp_pack/apps/PPAssistant2015-05-08_11-54-27','v3.4.2','PP_3.4.2_RC2','v3.4.2','PP_3.4.2_RC2','master','','1337','3.4.2_RC2','http://pp.ucweb.local:8080/jenkins/job/pp_pack_test_lyy/47/console',NULL,NULL,NULL,NULL,NULL),(91,183,NULL,'PP_24','2015-05-08 12:49:49','2015-05-08 12:56:03','http://ppservertest4prea.test2.uae.uc.cn','formal','success','manual_build','http://100.84.43.15:8080/pp_pack/apps/PPAssistant2015-05-08_12-49-57','v3.5.0','PP_3.5.0_RC0','v3.5.0','PP_3.5.0_RC0','master','','1339','3.5.0_RC0','http://pp.ucweb.local:8080/jenkins/job/pp_pack_test_lyy/49/console',NULL,NULL,NULL,NULL,NULL),(95,187,NULL,'PP_24','2015-05-11 15:14:25','2015-05-11 15:21:02','http://ppservertest4prea.test2.uae.uc.cn','formal','success','manual_build','http://100.84.43.15:8080/pp_pack/apps/PPAssistant2015-05-11_15-14-35','v3.5.0','PP_3.5.0_RC0','v3.5.0','PP_3.5.0_RC0','master','','1339','3.5.0_RC0','http://pp.ucweb.local:8080/jenkins/job/pp_ci_pack/3/console',NULL,NULL,NULL,NULL,NULL),(102,194,NULL,'PP_24','2015-05-11 18:38:13','2015-05-11 18:44:18','http://ppservertest4prea.test2.uae.uc.cn','formal','success','manual_build','http://100.84.43.15:8080/pp_pack/apps/PPAssistant2015-05-11_18-38-21','v3.3.0','PP_3.3.0_RC3_SP1','v3.3.0','PP_3.3.0_RC3_SP1','master','','1337','3.3.0_RC3','http://pp.ucweb.local:8080/jenkins/job/pp_ci_pack/8/console','23101932','7d062ae7e6d6273941d2f05dd4042394',NULL,NULL,NULL),(103,195,NULL,'PP_24','2015-05-11 18:46:23','2015-05-11 18:52:29','http://ppservertest4prea.test2.uae.uc.cn','formal','success','manual_build','http://100.84.43.15:8080/pp_pack/apps/PPAssistant2015-05-11_18-46-31','v3.4.0','PP_3.4.0_RC3','v3.4.0','PP_3.4.0_RC3','master','','1337','PP_3.4.0_RC3','http://pp.ucweb.local:8080/jenkins/job/pp_ci_pack/9/console','23101932','7d062ae7e6d6273941d2f05dd4042394',NULL,NULL,NULL),(106,198,NULL,'PP_24','2015-05-12 08:17:49','2015-05-12 08:25:42','http://ppservertest4prea.test2.uae.uc.cn','formal','success','manual_build','http://100.84.43.15:8080/pp_pack/apps/PPAssistant2015-05-12_08-17-57','v3.5.0','PP_3.5.0_RC0','v3.5.0','PP_3.5.0_RC0','master','','1339','3.5.0_RC0','http://pp.ucweb.local:8080/jenkins/job/pp_ci_pack/12/console','23101932','7d062ae7e6d6273941d2f05dd4042394',NULL,NULL,NULL),(107,199,NULL,'PP_24','2015-05-13 21:59:15','2015-05-13 22:05:46','http://ppservertest4prea.test2.uae.uc.cn','formal','success','manual_build','http://100.84.43.15:8080/pp_pack/apps/PPAssistant2015-05-13_21-59-21','v3.5.0','PP_3.5.0_RC2','v3.5.0','PP_3.5.0_RC2','master','','1339','3.5.0_RC2','http://pp.ucweb.local:8080/jenkins/job/pp_ci_pack/13/console','23101932','7d062ae7e6d6273941d2f05dd4042394',NULL,NULL,NULL),(108,200,NULL,'PP_24','2015-05-14 10:04:15','2015-05-14 10:10:55','http://ppservertest4prea.test2.uae.uc.cn','formal','success','manual_build','http://100.84.43.15:8080/pp_pack/apps/PPAssistant2015-05-14_10-04-22','v3.5.0','PP_3.5.0_RC2','v3.5.0','PP_3.5.0_RC2','master','','1339','3.5.0_RC2','http://pp.ucweb.local:8080/jenkins/job/pp_ci_pack/14/console','23101932','7d062ae7e6d6273941d2f05dd4042394',NULL,NULL,NULL),(115,207,NULL,'PP_24','2015-05-15 20:34:26','2015-05-15 20:40:38','http://ppservertest4prea.test2.uae.uc.cn','formal','success','manual_build','http://100.84.43.15:8080/pp_pack/apps/PPAssistant2015-05-15_20-34-32','v3.5.0','PP_3.5.0_RC3','v3.5.0','PP_3.5.0_RC3','master','','1339','3.5.0_RC3','http://pp.ucweb.local:8080/jenkins/job/pp_ci_pack/19/console','23101932','7d062ae7e6d6273941d2f05dd4042394',NULL,NULL,NULL),(116,208,NULL,'PP_24','2015-05-15 21:09:25','2015-05-15 21:15:40','http://ppservertest4preb.test2.uae.uc.cn','formal','success','manual_build','http://100.84.43.15:8080/pp_pack/apps/PPAssistant2015-05-15_21-09-33','v3.5.0','PP_3.5.0_RC3','v3.5.0','PP_3.5.0_RC3','master','','1339','3.5.0_RC3','http://pp.ucweb.local:8080/jenkins/job/pp_ci_pack/20/console','23101932','7d062ae7e6d6273941d2f05dd4042394',NULL,NULL,NULL),(119,211,NULL,'PP_24','2015-05-19 08:29:46','2015-05-19 08:40:28','http://ppservertest4prea.test2.uae.uc.cn','formal','success','manual_build','http://100.84.43.15:8080/pp_pack/apps/PPAssistant2015-05-19_08-32-19','v3.3.0','PP_3.5.0_RC3','v3.5.0','PP_3.5.0_RC3','master','','1339','3.5.0_RC3','http://pp.ucweb.local:8080/jenkins/job/pp_ci_pack/25/console','21813641','b7bb1bf1778e4003a52b2776a0bab3ae',NULL,NULL,NULL),(120,212,NULL,'PP_24','2015-05-19 08:44:03','2015-05-19 08:50:41','http://ppservertest4prea.test2.uae.uc.cn','formal','success','manual_build','http://100.84.43.15:8080/pp_pack/apps/PPAssistant2015-05-19_08-44-08','v3.5.0','PP_3.5.0_RC3','v3.5.0','PP_3.5.0_RC3','master','','1339','3.5.0_RC3','http://pp.ucweb.local:8080/jenkins/job/pp_ci_pack/26/console','21813641','b7bb1bf1778e4003a52b2776a0bab3ae',NULL,NULL,NULL),(125,217,NULL,'PP_24','2015-05-20 13:35:53','2015-05-20 13:41:55','http://ppservertest4prea.test2.uae.uc.cn','formal','success','manual_build','http://100.84.43.15:8080/pp_pack/apps/PPAssistant2015-05-20_13-35-58','v3.3.0','PP_3.3.0_trial2','v3.3.0','PP_3.3.0_trial2','master','','1337','3.3.0_trial2','http://pp.ucweb.local:8080/jenkins/job/pp_ci_pack/31/console','23101932','7d062ae7e6d6273941d2f05dd4042394',NULL,NULL,NULL),(136,228,NULL,'PP_24','2015-05-28 11:08:07','2015-05-28 11:17:30','http://ppservertest4prea.test2.uae.uc.cn','formal','success','manual_build','http://100.84.43.15:8080/pp_pack/apps/PPAssistant2015-05-28_11-10-53','v3.5.0','PP_3.5.0_RC3','v3.5.0','PP_3.5.0_RC3','master','','1339','3.5.0_RC3','http://pp.ucweb.local:8080/jenkins/job/pp_ci_pack/38/console','23101932','7d062ae7e6d6273941d2f05dd4042394',NULL,'3d0bb4454d72f7ff7ca9b648ced8d21d','5169299'),(139,231,NULL,'PP_24','2015-05-28 11:38:51','2015-05-28 13:37:20','http://ppservertest4preb.test2.uae.uc.cn','formal','success','manual_build','http://100.84.43.15:8080/pp_pack/apps/PPAssistant2015-05-28_13-31-05','v3.5.0','PP_3.5.0_RC3','v3.5.0','PP_3.5.0_RC3','master','','1339','3.5.0_RC3','http://pp.ucweb.local:8080/jenkins/job/pp_ci_pack/41/console','23101932','7d062ae7e6d6273941d2f05dd4042394',NULL,'2757f1480c29b6119df75c627b0b6b70','5169299');

/*Table structure for table `android_platform_config` */

DROP TABLE IF EXISTS `android_platform_config`;

CREATE TABLE `android_platform_config` (
  `config_key` varchar(255) DEFAULT NULL,
  `config_value` varchar(2000) DEFAULT NULL,
  `config_id` int(11) NOT NULL AUTO_INCREMENT,
  PRIMARY KEY (`config_id`)
) ENGINE=InnoDB AUTO_INCREMENT=5 DEFAULT CHARSET=utf8;

/*Data for the table `android_platform_config` */

insert  into `android_platform_config`(`config_key`,`config_value`,`config_id`) values ('packServerPath','/home/ucweb/app/apache-tomcat-7.0.57/webapps/pp_pack/apps/',1),('packagePostfix','-debug.apk',2),(NULL,NULL,3),(NULL,NULL,4);

/*Table structure for table `android_platform_config_agoo` */

DROP TABLE IF EXISTS `android_platform_config_agoo`;

CREATE TABLE `android_platform_config_agoo` (
  `agoo_key` varchar(50) NOT NULL,
  `agoo_secret` varchar(50) DEFAULT NULL,
  `agoo_description` varchar(100) DEFAULT NULL,
  PRIMARY KEY (`agoo_key`)
) ENGINE=InnoDB DEFAULT CHARSET=utf8;

/*Data for the table `android_platform_config_agoo` */

insert  into `android_platform_config_agoo`(`agoo_key`,`agoo_secret`,`agoo_description`) values ('21696943','cbdcb3f7d068236c727c12e7bf74f637','淘宝手机助手线上正式'),('21813641','b7bb1bf1778e4003a52b2776a0bab3ae','PP助手线上正式'),('23101932','7d062ae7e6d6273941d2f05dd4042394','PP助手线上测试'),('23115623','0b11590538aef33db810cb2b060f4db8','淘宝手机助手线上测试');

/*Table structure for table `android_sub_task` */

DROP TABLE IF EXISTS `android_sub_task`;

CREATE TABLE `android_sub_task` (
  `sub_task_id` int(11) NOT NULL AUTO_INCREMENT,
  `main_task_id` int(11) NOT NULL COMMENT '主任务id',
  `test_type_id` int(11) NOT NULL COMMENT '测试类型id',
  `url` varchar(100) CHARACTER SET utf8 COLLATE utf8_unicode_ci DEFAULT NULL,
  `result` varchar(20) CHARACTER SET utf8 COLLATE utf8_unicode_ci DEFAULT NULL COMMENT 'pass or fail',
  `creatTime` datetime DEFAULT NULL COMMENT '子任务创建时间',
  `endTime` datetime DEFAULT NULL COMMENT '子任务结束时间',
  `device_id` int(11) DEFAULT NULL COMMENT '设备信息',
  `sub_task_status` varchar(30) DEFAULT 'waiting' COMMENT 'waiting:等待中, success:完成, processing:执行中 ,failed:失败',
  PRIMARY KEY (`sub_task_id`),
  KEY `FK_SUB_TASK_MAIN_TASK` (`main_task_id`),
  CONSTRAINT `FK_SUB_TASK_MAIN_TASK` FOREIGN KEY (`main_task_id`) REFERENCES `android_main_task` (`main_task_id`)
) ENGINE=InnoDB AUTO_INCREMENT=88 DEFAULT CHARSET=utf8;

/*Data for the table `android_sub_task` */

insert  into `android_sub_task`(`sub_task_id`,`main_task_id`,`test_type_id`,`url`,`result`,`creatTime`,`endTime`,`device_id`,`sub_task_status`) values (50,163,1,'http://pp.ucweb.local:8080/jenkins/job/pp_lyy_test_cputest/6/console',NULL,'2015-05-06 09:12:47','2015-05-06 10:13:04',0,'success'),(51,163,2,'http://pp.ucweb.local:8080/jenkins/job/pp_lyy_test_cputest/6/console',NULL,'2015-05-06 09:12:47',NULL,0,'success'),(67,187,1,'http://pp.ucweb.local:8080/jenkins/job/pp_ci_test_cpu/3/console',NULL,'2015-05-11 15:14:25','2015-05-11 15:24:29',0,'success'),(68,187,2,'http://pp.ucweb.local:8080/jenkins/job/pp_ci_test_memory/3/console',NULL,'2015-05-11 15:14:25','2015-05-11 15:50:42',0,'success'),(75,198,1,'http://pp.ucweb.local:8080/jenkins/job/pp_ci_test_cpu/6/console',NULL,'2015-05-12 08:17:49','2015-05-12 09:02:41',0,'success'),(76,198,2,'http://pp.ucweb.local:8080/jenkins/job/pp_ci_test_memory/7/console',NULL,'2015-05-12 08:17:49','2015-05-12 13:47:32',0,'success'),(77,199,1,'http://pp.ucweb.local:8080/jenkins/job/pp_ci_test_cpu/7/console',NULL,'2015-05-13 21:59:15','2015-05-13 22:52:46',0,'success'),(85,231,1,'http://pp.ucweb.local:8080/jenkins/job/pp_ci_test_cpu/10/console',NULL,'2015-05-28 11:38:51','2015-05-28 13:37:28',0,'failed'),(86,231,2,NULL,NULL,'2015-05-28 11:38:51',NULL,0,'waiting'),(87,231,6,NULL,NULL,'2015-05-28 11:38:51',NULL,0,'waiting');

/*Table structure for table `android_test_case` */

DROP TABLE IF EXISTS `android_test_case`;

CREATE TABLE `android_test_case` (
  `test_case_id` int(11) NOT NULL AUTO_INCREMENT,
  `test_type_id` int(11) NOT NULL,
  `case_desc` varchar(200) COLLATE utf8_unicode_ci DEFAULT NULL,
  PRIMARY KEY (`test_case_id`)
) ENGINE=InnoDB AUTO_INCREMENT=8 DEFAULT CHARSET=utf8 COLLATE=utf8_unicode_ci;

/*Data for the table `android_test_case` */

insert  into `android_test_case`(`test_case_id`,`test_type_id`,`case_desc`) values (1,1,'DownloadApp'),(2,1,'GamePage'),(3,1,'QuitClient'),(4,1,'SelectPage'),(5,1,'softPage'),(6,1,'Waitforfiveminute'),(7,2,'MonkeyForMemory');

/*Table structure for table `android_test_cpu` */

DROP TABLE IF EXISTS `android_test_cpu`;

CREATE TABLE `android_test_cpu` (
  `cpu_test_id` int(11) NOT NULL AUTO_INCREMENT,
  `sub_task_id` int(11) NOT NULL,
  `cpu_percentage` varchar(50) COLLATE utf8_unicode_ci DEFAULT NULL,
  `process` varchar(50) COLLATE utf8_unicode_ci DEFAULT NULL,
  `test_case_id` int(11) DEFAULT NULL,
  PRIMARY KEY (`cpu_test_id`)
) ENGINE=InnoDB AUTO_INCREMENT=34023 DEFAULT CHARSET=utf8 COLLATE=utf8_unicode_ci;

/*Data for the table `android_test_cpu` */

insert  into `android_test_cpu`(`cpu_test_id`,`sub_task_id`,`cpu_percentage`,`process`,`test_case_id`) values (1,50,'0.0','com.pp.assistant',1),(31248,50,'0','com.pp.assistant:ppservice',5),(31249,50,'0','com.pp.assistant',5),(31250,50,'0','com.pp.assistant:ppservice',5),(31251,50,'0','com.pp.assistant',5),(31252,50,'0','com.pp.assistant:ppservice',5),(31253,50,'0','com.pp.assistant',5),(31254,50,'0','com.pp.assistant:ppservice',5),(31255,50,'0','com.pp.assistant',5),(31256,50,'0','com.pp.assistant:ppservice',5),(31257,50,'0','com.pp.assistant',5),(31258,50,'0','com.pp.assistant:ppservice',5),(31259,50,'0','com.pp.assistant',5),(31260,50,'0','com.pp.assistant:ppservice',5),(31261,50,'0','com.pp.assistant',5),(31262,50,'0','com.pp.assistant:ppservice',5),(31263,50,'0','com.pp.assistant',5),(31264,50,'0','com.pp.assistant:ppservice',5),(31265,50,'0','com.pp.assistant',5),(31266,50,'0','com.pp.assistant:ppservice',5),(31267,50,'14','com.pp.assistant',5),(31268,50,'0','com.pp.assistant:ppservice',5),(31269,50,'0','com.pp.assistant',5),(31270,50,'0','com.pp.assistant:ppservice',5),(31271,50,'10','com.pp.assistant',5),(31272,50,'0.1','com.pp.assistant',5),(31273,50,'10','com.pp.assistant',5),(31274,50,'0.1','com.pp.assistant',5),(31275,50,'10','com.pp.assistant',5),(31276,50,'0.1','com.pp.assistant',5),(31277,50,'10','com.pp.assistant',5),(31278,50,'0.1','com.pp.assistant',5),(31279,50,'10','com.pp.assistant',5),(31280,50,'0.1','com.pp.assistant',5),(31281,50,'50','com.pp.assistant',5),(31282,50,'0','com.pp.assistant',5),(31283,50,'50','com.pp.assistant',5),(31284,50,'0','com.pp.assistant',5),(31285,50,'50','com.pp.assistant',5),(31286,50,'50','com.pp.assistant',5),(31287,50,'50','com.pp.assistant',5),(31288,50,'50','com.pp.assistant',5),(31289,50,'50','com.pp.assistant',5),(31290,50,'0','com.pp.assistant',5),(31291,50,'50','com.pp.assistant',5),(31292,50,'0','com.pp.assistant',5),(31293,50,'50','com.pp.assistant',5),(31294,50,'0','com.pp.assistant',5),(31295,50,'50','com.pp.assistant',5),(31296,50,'0','com.pp.assistant',5),(31297,50,'50','com.pp.assistant',5),(31298,50,'0','com.pp.assistant',5),(31299,50,'50','com.pp.assistant',5),(31300,50,'50','com.pp.assistant',5),(31301,50,'50','com.pp.assistant',5),(31302,50,'50','com.pp.assistant',5),(31303,50,'50','com.pp.assistant',5),(31304,50,'50','com.pp.assistant',5),(31305,50,'50','com.pp.assistant',5),(31306,50,'0','com.pp.assistant',5),(31307,50,'50','com.pp.assistant',5),(31308,50,'0','com.pp.assistant',5),(31309,50,'50','com.pp.assistant',5),(31310,50,'0','com.pp.assistant',5),(31311,50,'50','com.pp.assistant',5),(31312,50,'0','com.pp.assistant',5),(31313,50,'50','com.pp.assistant',5),(31314,50,'0','com.pp.assistant',5),(31315,50,'50','com.pp.assistant',5),(31316,50,'50','com.pp.assistant',5),(31317,50,'50','com.pp.assistant',5),(31318,50,'50','com.pp.assistant',5),(31319,50,'50','com.pp.assistant',5),(31320,50,'0','com.pp.assistant',6),(31321,50,'0','com.pp.assistant:ppservice',6),(31322,50,'0','com.pp.assistant',6),(31323,50,'0','com.pp.assistant',6),(31324,50,'0','com.pp.assistant:ppservice',6),(31325,50,'0','com.pp.assistant',6),(31326,50,'0','com.pp.assistant:ppservice',6),(31327,50,'0','com.pp.assistant',6),(31328,50,'0','com.pp.assistant:ppservice',6),(31329,50,'0','com.pp.assistant',6),(31330,50,'0','com.pp.assistant:ppservice',6),(31331,50,'0','com.pp.assistant',6),(31332,50,'0','com.pp.assistant:ppservice',6),(31333,50,'18','com.pp.assistant',6),(31334,50,'3.3','com.pp.assistant',6),(31335,50,'0.3','com.pp.assistant:ppservice',6),(31336,50,'0','com.pp.assistant',6),(31337,50,'0.3','com.pp.assistant:ppservice',6),(31338,50,'14','com.pp.assistant',6),(31339,50,'0.1','com.pp.assistant',6),(31340,50,'11','com.pp.assistant',6),(31341,50,'11','com.pp.assistant',6),(31342,50,'11','com.pp.assistant',6),(31343,50,'11','com.pp.assistant',6),(31344,50,'11','com.pp.assistant',6),(31345,50,'11','com.pp.assistant',6),(31346,50,'6.3','com.pp.assistant',6),(31347,50,'6.3','com.pp.assistant',6),(31348,50,'6.3','com.pp.assistant',6),(31349,50,'6.3','com.pp.assistant',6),(31350,50,'6.3','com.pp.assistant',6),(31351,50,'6.4','com.pp.assistant',6),(31352,50,'4.1','com.pp.assistant',6),(31353,50,'0','com.pp.assistant',6),(31354,50,'4.1','com.pp.assistant',6),(31355,50,'0','com.pp.assistant',6),(31356,50,'4.1','com.pp.assistant',6),(31357,50,'0','com.pp.assistant',6),(31358,50,'4.1','com.pp.assistant',6),(31359,50,'0','com.pp.assistant',6),(31360,50,'6.7','com.pp.assistant',6),(31361,50,'6.7','com.pp.assistant',6),(31362,50,'5.5','com.pp.assistant',6),(31363,50,'5.5','com.pp.assistant',6),(31364,50,'5.5','com.pp.assistant',6),(31365,50,'5.5','com.pp.assistant',6),(31366,50,'6.1','com.pp.assistant',6),(31367,50,'0','com.pp.assistant',6),(31368,50,'6.1','com.pp.assistant',6),(31369,50,'0','com.pp.assistant',6),(31370,50,'9.1','com.pp.assistant',6),(31371,50,'9.1','com.pp.assistant',6),(31372,50,'9.1','com.pp.assistant',6),(31373,50,'9.1','com.pp.assistant',6),(31374,50,'9.1','com.pp.assistant',6),(31375,50,'9.1','com.pp.assistant',6),(31376,50,'5.1','com.pp.assistant',6),(31377,50,'0','com.pp.assistant',6),(31378,50,'3.1','com.pp.assistant',6),(31379,50,'0.1','com.pp.assistant',6),(31380,50,'3.1','com.pp.assistant',6),(31381,50,'0.1','com.pp.assistant',6),(31382,50,'3.1','com.pp.assistant',6),(31383,50,'0.1','com.pp.assistant',6),(31384,50,'7.5','com.pp.assistant',6),(31385,50,'7.5','com.pp.assistant',6),(31386,50,'6.4','com.pp.assistant',6),(31387,50,'0','com.pp.assistant',6),(31388,50,'6.4','com.pp.assistant',6),(31389,50,'0','com.pp.assistant',6),(31390,50,'6.4','com.pp.assistant',6),(31391,50,'0','com.pp.assistant',6),(31392,50,'6.4','com.pp.assistant',6),(31393,50,'0','com.pp.assistant',6),(31394,50,'5.8','com.pp.assistant',6),(31395,50,'5.8','com.pp.assistant',6),(31396,50,'8.9','com.pp.assistant',6),(31397,50,'0','com.pp.assistant',6),(31398,50,'8.9','com.pp.assistant',6),(31399,50,'0','com.pp.assistant',6),(31400,50,'8.9','com.pp.assistant',6),(31401,50,'0','com.pp.assistant',6),(31402,50,'8.9','com.pp.assistant',6),(31403,50,'0','com.pp.assistant',6),(31404,50,'7.4','com.pp.assistant',6),(31405,50,'7.4','com.pp.assistant',6),(31406,50,'6.2','com.pp.assistant',6),(31407,50,'0','com.pp.assistant',6),(31408,50,'6.2','com.pp.assistant',6),(31409,50,'0','com.pp.assistant',6),(31410,50,'6.2','com.pp.assistant',6),(31411,50,'0','com.pp.assistant',6),(31412,50,'6.2','com.pp.assistant',6),(31413,50,'0','com.pp.assistant',6),(31414,50,'6.2','com.pp.assistant',6),(31415,50,'0','com.pp.assistant',6),(31416,50,'7.7','com.pp.assistant',6),(31417,50,'7.7','com.pp.assistant',6),(31418,50,'7.7','com.pp.assistant',6),(31419,50,'7.7','com.pp.assistant',6),(31420,50,'7.1','com.pp.assistant',6),(31421,50,'0','com.pp.assistant',6),(31422,50,'7.1','com.pp.assistant',6),(31423,50,'0','com.pp.assistant',6),(31424,50,'5.5','com.pp.assistant',6),(31425,50,'0.3','com.pp.assistant',6),(31426,50,'5.5','com.pp.assistant',6),(31427,50,'0.3','com.pp.assistant',6),(31428,50,'5.5','com.pp.assistant',6),(31429,50,'0.3','com.pp.assistant',6),(31430,50,'5.5','com.pp.assistant',6),(31431,50,'0.3','com.pp.assistant',6),(31432,50,'4.9','com.pp.assistant',6),(31433,50,'4.9','com.pp.assistant',6),(31434,50,'5.9','com.pp.assistant',6),(31435,50,'0','com.pp.assistant',6),(31436,50,'5.9','com.pp.assistant',6),(31437,50,'0','com.pp.assistant',6),(31438,50,'5.9','com.pp.assistant',6),(31439,50,'0','com.pp.assistant',6),(31440,50,'5.9','com.pp.assistant',6),(31441,50,'0','com.pp.assistant',6),(31442,50,'5.6','com.pp.assistant',6),(31443,50,'0','com.pp.assistant',6),(31444,50,'5.6','com.pp.assistant',6),(31445,50,'0','com.pp.assistant',6),(31446,50,'6.6','com.pp.assistant',6),(31447,50,'0.1','com.pp.assistant',6),(31448,50,'6.6','com.pp.assistant',6),(31449,50,'0.1','com.pp.assistant',6),(31450,50,'6.6','com.pp.assistant',6),(31451,50,'0.1','com.pp.assistant',6),(31452,50,'6.6','com.pp.assistant',6),(31453,50,'0.1','com.pp.assistant',6),(31454,50,'6.6','com.pp.assistant',6),(31455,50,'0.1','com.pp.assistant',6),(31456,50,'6.6','com.pp.assistant',6),(31457,50,'0.1','com.pp.assistant',6),(31458,50,'6.6','com.pp.assistant',6),(31459,50,'0.1','com.pp.assistant',6),(31460,50,'6.6','com.pp.assistant',6),(31461,50,'0.1','com.pp.assistant',6),(31462,50,'6.6','com.pp.assistant',6),(31463,50,'0.1','com.pp.assistant',6),(31464,50,'6.2','com.pp.assistant',6),(31465,50,'0','com.pp.assistant',6),(31466,50,'6.2','com.pp.assistant',6),(31467,50,'0','com.pp.assistant',6),(31468,50,'6.2','com.pp.assistant',6),(31469,50,'0','com.pp.assistant',6),(31470,50,'8.8','com.pp.assistant',6),(31471,50,'8.8','com.pp.assistant',6),(31472,50,'8.8','com.pp.assistant',6),(31473,50,'8.8','com.pp.assistant',6),(31474,50,'8.8','com.pp.assistant',6),(31475,50,'8.8','com.pp.assistant',6),(31476,50,'7.8','com.pp.assistant',6),(31477,50,'0','com.pp.assistant',6),(31478,50,'7.8','com.pp.assistant',6),(31479,50,'0','com.pp.assistant',6),(31480,50,'7.8','com.pp.assistant',6),(31481,50,'0','com.pp.assistant',6),(31482,50,'6.3','com.pp.assistant',6),(31483,50,'6.3','com.pp.assistant',6),(31484,50,'6.7','com.pp.assistant',6),(31485,50,'0','com.pp.assistant',6),(31486,50,'6.7','com.pp.assistant',6),(31487,50,'0','com.pp.assistant',6),(31488,50,'6.7','com.pp.assistant',6),(31489,50,'0','com.pp.assistant',6),(31490,50,'6.7','com.pp.assistant',6),(31491,50,'0','com.pp.assistant',6),(31492,50,'6.7','com.pp.assistant',6),(31493,50,'0','com.pp.assistant',6),(31494,50,'6.7','com.pp.assistant',6),(31495,50,'0','com.pp.assistant',6),(31496,50,'5.6','com.pp.assistant',6),(31497,50,'0','com.pp.assistant',6),(31498,50,'5.6','com.pp.assistant',6),(31499,50,'0','com.pp.assistant',6),(31500,50,'5.6','com.pp.assistant',6),(31501,50,'0','com.pp.assistant',6),(31502,50,'5.6','com.pp.assistant',6),(31503,50,'0','com.pp.assistant',6),(31504,50,'5.7','com.pp.assistant',6),(31505,50,'5.7','com.pp.assistant',6),(31506,50,'5.9','com.pp.assistant',6),(31507,50,'0','com.pp.assistant',6),(31508,50,'5.9','com.pp.assistant',6),(31509,50,'0','com.pp.assistant',6),(31510,50,'5.9','com.pp.assistant',6),(31511,50,'0','com.pp.assistant',6),(31512,50,'6.1','com.pp.assistant',6),(31513,50,'0','com.pp.assistant',6),(31514,50,'6.1','com.pp.assistant',6),(31515,50,'0','com.pp.assistant',6),(31516,50,'6.1','com.pp.assistant',6),(31517,50,'0','com.pp.assistant',6),(31518,50,'6.7','com.pp.assistant',6),(31519,50,'0','com.pp.assistant',6),(31520,50,'6.7','com.pp.assistant',6),(31521,50,'0','com.pp.assistant',6),(31522,50,'6.7','com.pp.assistant',6),(31523,50,'0','com.pp.assistant',6),(31524,50,'6.7','com.pp.assistant',6),(31525,50,'0','com.pp.assistant',6),(31526,50,'7.3','com.pp.assistant',6),(31527,50,'7.3','com.pp.assistant',6),(31528,50,'0','com.pp.assistant',1),(31529,50,'0','com.pp.assistant:ppservice',1),(31530,50,'0','com.pp.assistant',1),(31531,50,'0','com.pp.assistant:ppservice',1),(31532,50,'0','com.pp.assistant',1),(31533,50,'0','com.pp.assistant:ppservice',1),(31534,50,'0','com.pp.assistant',1),(31535,50,'0','com.pp.assistant:ppservice',1),(31536,50,'0','com.pp.assistant',1),(31537,50,'0','com.pp.assistant:ppservice',1),(31538,50,'0','com.pp.assistant',1),(31539,50,'0','com.pp.assistant:ppservice',1),(31540,50,'29','com.pp.assistant',1),(31541,50,'0','com.pp.assistant:ppservice',1),(31542,50,'0','com.pp.assistant:ppservice',1),(31543,50,'29','com.pp.assistant',1),(31544,50,'0','com.pp.assistant:ppservice',1),(31545,50,'0','com.pp.assistant:ppservice',1),(31546,50,'29','com.pp.assistant',1),(31547,50,'0','com.pp.assistant:ppservice',1),(31548,50,'0','com.pp.assistant:ppservice',1),(31549,50,'12','com.pp.assistant',1),(31550,50,'12','com.pp.assistant',1),(31551,50,'11','com.pp.assistant',1),(31552,50,'11','com.pp.assistant',1),(31553,50,'11','com.pp.assistant',1),(31554,50,'0','com.pp.assistant',4),(31555,50,'0','com.pp.assistant:ppservice',4),(31556,50,'0','com.pp.assistant',4),(31557,50,'0','com.pp.assistant:ppservice',4),(31558,50,'24','com.pp.assistant',4),(31559,50,'0.3','com.pp.assistant:ppservice',4),(31560,50,'0.3','com.pp.assistant:ppservice',4),(31561,50,'24','com.pp.assistant',4),(31562,50,'0.3','com.pp.assistant:ppservice',4),(31563,50,'0.3','com.pp.assistant:ppservice',4),(31564,50,'24','com.pp.assistant',4),(31565,50,'0.3','com.pp.assistant:ppservice',4),(31566,50,'0.3','com.pp.assistant:ppservice',4),(31567,50,'24','com.pp.assistant',4),(31568,50,'0.3','com.pp.assistant:ppservice',4),(31569,50,'0.3','com.pp.assistant:ppservice',4),(31570,50,'12','com.pp.assistant',4),(31571,50,'0','com.pp.assistant',4),(31572,50,'10','com.pp.assistant',4),(31573,50,'10','com.pp.assistant',4),(31574,50,'10','com.pp.assistant',4),(31575,50,'10','com.pp.assistant',4),(31576,50,'50','com.pp.assistant',4),(31577,50,'50','com.pp.assistant',4),(31578,50,'50','com.pp.assistant',4),(31579,50,'50','com.pp.assistant',4),(31580,50,'50','com.pp.assistant',4),(31581,50,'50','com.pp.assistant',4),(31582,50,'50','com.pp.assistant',4),(31583,50,'0','com.pp.assistant',4),(31584,50,'50','com.pp.assistant',4),(31585,50,'0','com.pp.assistant',4),(31586,50,'50','com.pp.assistant',4),(31587,50,'0','com.pp.assistant',4),(31588,50,'0','com.pp.assistant',3),(31589,50,'0','com.pp.assistant:ppservice',3),(31590,50,'0','com.pp.assistant',3),(31591,50,'0','com.pp.assistant:ppservice',3),(31592,50,'0','com.pp.assistant',3),(31593,50,'0','com.pp.assistant:ppservice',3),(31594,50,'0','com.pp.assistant',3),(31595,50,'0','com.pp.assistant:ppservice',3),(31596,50,'0','com.pp.assistant',3),(31597,50,'0','com.pp.assistant:ppservice',3),(31598,50,'0','com.pp.assistant',3),(31599,50,'0','com.pp.assistant:ppservice',3),(31600,50,'0','com.pp.assistant',3),(31601,50,'0','com.pp.assistant:ppservice',3),(31602,50,'0','com.pp.assistant',3),(31603,50,'0','com.pp.assistant:ppservice',3),(31604,50,'0','com.pp.assistant',3),(31605,50,'0','com.pp.assistant:ppservice',3),(31606,50,'0','com.pp.assistant',3),(31607,50,'0','com.pp.assistant:ppservice',3),(31608,50,'14','com.pp.assistant',3),(31609,50,'0.1','com.pp.assistant:ppservice',3),(31610,50,'0','com.pp.assistant',3),(31611,50,'0.1','com.pp.assistant:ppservice',3),(31612,50,'14','com.pp.assistant',3),(31613,50,'0.1','com.pp.assistant:ppservice',3),(31614,50,'0','com.pp.assistant',3),(31615,50,'0.1','com.pp.assistant:ppservice',3),(31616,50,'14','com.pp.assistant',3),(31617,50,'0.1','com.pp.assistant:ppservice',3),(31618,50,'0','com.pp.assistant',3),(31619,50,'0.1','com.pp.assistant:ppservice',3),(31620,50,'3.8','com.pp.assistant',3),(31621,50,'3.8','com.pp.assistant',3),(31622,50,'3.8','com.pp.assistant',3),(31623,50,'3.8','com.pp.assistant',3),(31624,50,'5.6','com.pp.assistant',3),(31625,50,'0','com.pp.assistant',3),(31626,50,'5.6','com.pp.assistant',3),(31627,50,'0','com.pp.assistant',3),(31628,50,'5.1','com.pp.assistant',3),(31629,50,'5.1','com.pp.assistant',3),(31630,50,'5.1','com.pp.assistant',3),(31631,50,'5.1','com.pp.assistant',3),(31632,50,'4.8','com.pp.assistant',3),(31633,50,'4.8','com.pp.assistant',3),(31634,50,'4.3','com.pp.assistant',3),(31635,50,'4.3','com.pp.assistant',3),(31636,50,'4.3','com.pp.assistant',3),(31637,50,'4.3','com.pp.assistant',3),(31638,50,'4.3','com.pp.assistant',3),(31639,50,'5.3','com.pp.assistant',3),(31640,50,'0','com.pp.assistant',3),(31641,50,'5.3','com.pp.assistant',3),(31642,50,'0','com.pp.assistant',3),(31643,50,'5.3','com.pp.assistant',3),(31644,50,'0','com.pp.assistant',3),(31645,50,'5.3','com.pp.assistant',3),(31646,50,'0','com.pp.assistant',3),(31647,50,'5.3','com.pp.assistant',3),(31648,50,'0','com.pp.assistant',3),(31649,50,'5.4','com.pp.assistant',3),(31650,50,'0.1','com.pp.assistant',3),(31651,50,'5.4','com.pp.assistant',3),(31652,50,'0.1','com.pp.assistant',3),(31653,50,'3.8','com.pp.assistant',3),(31654,50,'3.8','com.pp.assistant',3),(31655,50,'3.8','com.pp.assistant',3),(31656,50,'3.8','com.pp.assistant',3),(31657,50,'5.3','com.pp.assistant',3),(31658,50,'0','com.pp.assistant',3),(31659,50,'5.3','com.pp.assistant',3),(31660,50,'0','com.pp.assistant',3),(31661,50,'5.3','com.pp.assistant',3),(31662,50,'0','com.pp.assistant',3),(31663,50,'5.3','com.pp.assistant',3),(31664,50,'0','com.pp.assistant',3),(31665,50,'5.3','com.pp.assistant',3),(31666,50,'0','com.pp.assistant',3),(31667,50,'5.3','com.pp.assistant',3),(31668,50,'0','com.pp.assistant',3),(31669,50,'5','com.pp.assistant',3),(31670,50,'0','com.pp.assistant',3),(31671,50,'5','com.pp.assistant',3),(31672,50,'0','com.pp.assistant',3),(31673,50,'4.4','com.pp.assistant',3),(31674,50,'4.4','com.pp.assistant',3),(31675,50,'4.4','com.pp.assistant',3),(31676,50,'4.4','com.pp.assistant',3),(31677,50,'4.5','com.pp.assistant',3),(31678,50,'0','com.pp.assistant',3),(31679,50,'4.5','com.pp.assistant',3),(31680,50,'0','com.pp.assistant',3),(31681,50,'4.5','com.pp.assistant',3),(31682,50,'0','com.pp.assistant',3),(31683,50,'4.5','com.pp.assistant',3),(31684,50,'0','com.pp.assistant',3),(31685,50,'4.5','com.pp.assistant',3),(31686,50,'0','com.pp.assistant',3),(31687,50,'4.6','com.pp.assistant',3),(31688,50,'0','com.pp.assistant',3),(31689,50,'4.6','com.pp.assistant',3),(31690,50,'0','com.pp.assistant',3),(31691,50,'5.6','com.pp.assistant',3),(31692,50,'5.6','com.pp.assistant',3),(31693,50,'5.6','com.pp.assistant',3),(31694,50,'5.6','com.pp.assistant',3),(31695,50,'4.1','com.pp.assistant',3),(31696,50,'4.1','com.pp.assistant',3),(31697,50,'4.1','com.pp.assistant',3),(31698,50,'4.1','com.pp.assistant',3),(31699,50,'0','com.pp.assistant',2),(31700,50,'0','com.pp.assistant:ppservice',2),(31701,50,'0','com.pp.assistant',2),(31702,50,'0','com.pp.assistant:ppservice',2),(31703,50,'0','com.pp.assistant',2),(31704,50,'0','com.pp.assistant:ppservice',2),(31705,50,'0','com.pp.assistant',2),(31706,50,'0','com.pp.assistant:ppservice',2),(31707,50,'0','com.pp.assistant',2),(31708,50,'0','com.pp.assistant:ppservice',2),(31709,50,'0','com.pp.assistant',2),(31710,50,'0','com.pp.assistant:ppservice',2),(31711,50,'16','com.pp.assistant',2),(31712,50,'0','com.pp.assistant:ppservice',2),(31713,50,'0','com.pp.assistant',2),(31714,50,'0','com.pp.assistant:ppservice',2),(31715,50,'16','com.pp.assistant',2),(31716,50,'0','com.pp.assistant:ppservice',2),(31717,50,'0','com.pp.assistant',2),(31718,50,'0','com.pp.assistant:ppservice',2),(31719,50,'16','com.pp.assistant',2),(31720,50,'0','com.pp.assistant:ppservice',2),(31721,50,'0','com.pp.assistant',2),(31722,50,'0','com.pp.assistant:ppservice',2),(31723,50,'12','com.pp.assistant',2),(31724,50,'12','com.pp.assistant',2),(31725,50,'12','com.pp.assistant',2),(31726,50,'12','com.pp.assistant',2),(31727,50,'12','com.pp.assistant',2),(31728,50,'50','com.pp.assistant',2),(31729,50,'50','com.pp.assistant',2),(31730,50,'50','com.pp.assistant',2),(31731,50,'50','com.pp.assistant',2),(31732,50,'50','com.pp.assistant',2),(31733,50,'50','com.pp.assistant',2),(31734,50,'5.5','com.pp.assistant',2),(31735,50,'0','com.pp.assistant',2),(31736,50,'5.5','com.pp.assistant',2),(31737,50,'0','com.pp.assistant',2),(31738,50,'5.5','com.pp.assistant',2),(31739,50,'0','com.pp.assistant',2),(31740,50,'6.9','com.pp.assistant',2),(31741,50,'6.9','com.pp.assistant',2),(31742,50,'6.9','com.pp.assistant',2),(31743,50,'5.9','com.pp.assistant',2),(31744,50,'5.9','com.pp.assistant',2),(31745,50,'5.9','com.pp.assistant',2),(31746,50,'7','com.pp.assistant',2),(31747,50,'7','com.pp.assistant',2),(31748,50,'7','com.pp.assistant',2),(31749,50,'6.4','com.pp.assistant',2),(31750,50,'0','com.pp.assistant',2),(31751,50,'6.4','com.pp.assistant',2),(31752,50,'0','com.pp.assistant',2),(31753,50,'6.4','com.pp.assistant',2),(31754,50,'0','com.pp.assistant',2),(31755,50,'6.4','com.pp.assistant',2),(31756,50,'0','com.pp.assistant',2),(31757,50,'6.4','com.pp.assistant',2),(31758,50,'0','com.pp.assistant',2),(31759,50,'6.4','com.pp.assistant',2),(31760,50,'0','com.pp.assistant',2),(31761,50,'5.9','com.pp.assistant',2),(31762,50,'0','com.pp.assistant',2),(31763,50,'5.9','com.pp.assistant',2),(31764,50,'0','com.pp.assistant',2),(31765,50,'5.9','com.pp.assistant',2),(31766,50,'0','com.pp.assistant',2),(31767,50,'8.5','com.pp.assistant',2),(31768,50,'8.5','com.pp.assistant',2),(31769,50,'6.2','com.pp.assistant',2),(31770,50,'0','com.pp.assistant',2),(31771,50,'6.2','com.pp.assistant',2),(31772,50,'0','com.pp.assistant',2),(31773,50,'6.2','com.pp.assistant',2),(31774,50,'0','com.pp.assistant',2),(31775,50,'6.2','com.pp.assistant',2),(31776,50,'0','com.pp.assistant',2),(31777,50,'6.2','com.pp.assistant',2),(31778,50,'0','com.pp.assistant',2),(31779,50,'6.2','com.pp.assistant',2),(31780,50,'0','com.pp.assistant',2),(31781,50,'7.9','com.pp.assistant',2),(31782,50,'7.9','com.pp.assistant',2),(31783,50,'7.9','com.pp.assistant',2),(31784,50,'7.5','com.pp.assistant',2),(31785,50,'7.5','com.pp.assistant',2),(31786,50,'6.6','com.pp.assistant',2),(31787,50,'11','com.pp.assistant',2),(31788,50,'11','com.pp.assistant',2),(31789,50,'11','com.pp.assistant',2),(31790,50,'11','com.pp.assistant',2),(31791,50,'11','com.pp.assistant',2),(31792,50,'11','com.pp.assistant',2),(31793,50,'8.8','com.pp.assistant',2),(31794,50,'0','com.pp.assistant',2),(31795,50,'8.8','com.pp.assistant',2),(31796,50,'0','com.pp.assistant',2),(31797,50,'8.8','com.pp.assistant',2),(31798,50,'0','com.pp.assistant',2),(31799,50,'6.4','com.pp.assistant',2),(31800,50,'6.4','com.pp.assistant',2),(31801,50,'6.4','com.pp.assistant',2),(31802,50,'3.9','com.pp.assistant',2),(31803,50,'0','com.pp.assistant',2),(31804,50,'6.4','com.pp.assistant',2),(31805,50,'6.4','com.pp.assistant',2),(31806,50,'6.4','com.pp.assistant',2),(31807,50,'6.4','com.pp.assistant',2),(31808,50,'5.4','com.pp.assistant',2),(31809,50,'0','com.pp.assistant',2),(31810,50,'5.4','com.pp.assistant',2),(31811,50,'0','com.pp.assistant',2),(31812,50,'5.4','com.pp.assistant',2),(31813,50,'0','com.pp.assistant',2),(31814,50,'5.9','com.pp.assistant',2),(31815,50,'5.9','com.pp.assistant',2),(31816,50,'5.9','com.pp.assistant',2),(31817,50,'6.8','com.pp.assistant',2),(31818,50,'6.8','com.pp.assistant',2),(31819,50,'6.8','com.pp.assistant',2),(31820,50,'6.8','com.pp.assistant',2),(31821,50,'6.8','com.pp.assistant',2),(31822,50,'6.8','com.pp.assistant',2),(31823,50,'6.5','com.pp.assistant',2),(31824,50,'6.5','com.pp.assistant',2),(31825,50,'6.5','com.pp.assistant',2),(31826,50,'6.9','com.pp.assistant',2),(31827,50,'6.9','com.pp.assistant',2),(31828,50,'6.9','com.pp.assistant',2),(31829,50,'7.3','com.pp.assistant',2),(31830,50,'0','com.pp.assistant',2),(31831,50,'7.3','com.pp.assistant',2),(31832,50,'0','com.pp.assistant',2),(31833,50,'7.3','com.pp.assistant',2),(31834,50,'0','com.pp.assistant',2),(31835,50,'7.3','com.pp.assistant',2),(31836,50,'0','com.pp.assistant',2),(31837,50,'7.3','com.pp.assistant',2),(31838,50,'0','com.pp.assistant',2),(31839,50,'7.3','com.pp.assistant',2),(31840,50,'0','com.pp.assistant',2),(31841,50,'7.3','com.pp.assistant',2),(31842,50,'0','com.pp.assistant',2),(31843,50,'7.3','com.pp.assistant',2),(31844,50,'0','com.pp.assistant',2),(31845,50,'7.3','com.pp.assistant',2),(31846,50,'0','com.pp.assistant',2),(31847,50,'7.3','com.pp.assistant',2),(31848,50,'0','com.pp.assistant',2),(31849,50,'7.3','com.pp.assistant',2),(31850,50,'0','com.pp.assistant',2),(31851,50,'7.3','com.pp.assistant',2),(31852,50,'7.3','com.pp.assistant',2),(31853,50,'7.3','com.pp.assistant',2),(31854,50,'7.3','com.pp.assistant',2),(31855,50,'7.3','com.pp.assistant',2),(31856,50,'7.3','com.pp.assistant',2),(31857,50,'7.3','com.pp.assistant',2),(31858,50,'7.3','com.pp.assistant',2),(31859,50,'8.1','com.pp.assistant',2),(31860,50,'0','com.pp.assistant',2),(31861,50,'8.1','com.pp.assistant',2),(31862,50,'0','com.pp.assistant',2),(31863,50,'8.1','com.pp.assistant',2),(31864,50,'0','com.pp.assistant',2),(31865,50,'8.1','com.pp.assistant',2),(31866,50,'0','com.pp.assistant',2),(31867,50,'8.8','com.pp.assistant',2),(31868,50,'8.8','com.pp.assistant',2),(31869,50,'5.7','com.pp.assistant',2),(31870,50,'0','com.pp.assistant',2),(31871,50,'5.7','com.pp.assistant',2),(31872,50,'0','com.pp.assistant',2),(31873,50,'5.7','com.pp.assistant',2),(31874,50,'0','com.pp.assistant',2),(31875,50,'5.7','com.pp.assistant',2),(31876,50,'0','com.pp.assistant',2),(31877,50,'5.7','com.pp.assistant',2),(31878,50,'0','com.pp.assistant',2),(31879,50,'5.7','com.pp.assistant',2),(31880,50,'0','com.pp.assistant',2),(31881,50,'5.7','com.pp.assistant',2),(31882,50,'0','com.pp.assistant',2),(31883,50,'5.8','com.pp.assistant',2),(31884,50,'0','com.pp.assistant',2),(31885,50,'5.8','com.pp.assistant',2),(31886,50,'0','com.pp.assistant',2),(31887,50,'5.8','com.pp.assistant',2),(31888,50,'0','com.pp.assistant',2),(31889,50,'5.7','com.pp.assistant',2),(31890,50,'0.1','com.pp.assistant',2),(31891,50,'5.7','com.pp.assistant',2),(31892,50,'0.1','com.pp.assistant',2),(31893,50,'5.7','com.pp.assistant',2),(31894,50,'0.1','com.pp.assistant',2),(31895,50,'5.7','com.pp.assistant',2),(31896,50,'0.1','com.pp.assistant',2),(31897,50,'5.7','com.pp.assistant',2),(31898,50,'0.1','com.pp.assistant',2),(31899,50,'5.7','com.pp.assistant',2),(31900,50,'0.1','com.pp.assistant',2),(31901,50,'6.1','com.pp.assistant',2),(31902,50,'0','com.pp.assistant',2),(31903,50,'6.1','com.pp.assistant',2),(31904,50,'0','com.pp.assistant',2),(31905,47,'0','test',1),(31906,67,'0','com.pp.assistant',6),(31907,67,'0','com.pp.assistant:ppservice',6),(31908,67,'0','com.pp.assistant',6),(31909,67,'0','com.pp.assistant',6),(31910,67,'0','com.pp.assistant:ppservice',6),(31911,67,'50','com.pp.assistant',4),(31912,67,'0.1','com.pp.assistant:ppservice',4),(31913,67,'0.1','com.pp.assistant:ppservice',4),(31914,67,'0','com.pp.assistant',4),(31915,67,'0','com.pp.assistant:ppservice',4),(31916,67,'0','com.pp.assistant',4),(31917,67,'0','com.pp.assistant:ppservice',4),(31918,67,'0','com.pp.assistant',4),(31919,67,'0','com.pp.assistant:ppservice',4),(31920,67,'0','com.pp.assistant',4),(31921,67,'0','com.pp.assistant:ppservice',4),(31922,75,'0','com.pp.assistant',5),(31923,75,'0','com.pp.assistant:ppservice',5),(31924,75,'0','com.pp.assistant',5),(31925,75,'0','com.pp.assistant:ppservice',5),(31926,75,'0','com.pp.assistant',5),(31927,75,'0','com.pp.assistant:ppservice',5),(31928,75,'0','com.pp.assistant',5),(31929,75,'0','com.pp.assistant:ppservice',5),(31930,75,'32','com.pp.assistant',5),(31931,75,'0.1','com.pp.assistant:ppservice',5),(31932,75,'0.1','com.pp.assistant:ppservice',5),(31933,75,'32','com.pp.assistant',5),(31934,75,'0.1','com.pp.assistant:ppservice',5),(31935,75,'0.1','com.pp.assistant:ppservice',5),(31936,75,'32','com.pp.assistant',5),(31937,75,'0.1','com.pp.assistant:ppservice',5),(31938,75,'0.1','com.pp.assistant:ppservice',5),(31939,75,'13','com.pp.assistant',5),(31940,75,'0','com.pp.assistant',5),(31941,75,'13','com.pp.assistant',5),(31942,75,'0','com.pp.assistant',5),(31943,75,'13','com.pp.assistant',5),(31944,75,'0','com.pp.assistant',5),(31945,75,'12','com.pp.assistant',5),(31946,75,'12','com.pp.assistant',5),(31947,75,'12','com.pp.assistant',5),(31948,75,'12','com.pp.assistant',5),(31949,75,'12','com.pp.assistant',5),(31950,75,'12','com.pp.assistant',5),(31951,75,'50','com.pp.assistant',5),(31952,75,'50','com.pp.assistant',5),(31953,75,'50','com.pp.assistant',5),(31954,75,'0','com.pp.assistant',5),(31955,75,'50','com.pp.assistant',5),(31956,75,'0','com.pp.assistant',5),(31957,75,'50','com.pp.assistant',5),(31958,75,'0','com.pp.assistant',5),(31959,75,'50','com.pp.assistant',5),(31960,75,'50','com.pp.assistant',5),(31961,75,'50','com.pp.assistant',5),(31962,75,'50','com.pp.assistant',5),(31963,75,'50','com.pp.assistant',5),(31964,75,'50','com.pp.assistant',5),(31965,75,'50','com.pp.assistant',5),(31966,75,'50','com.pp.assistant',5),(31967,75,'50','com.pp.assistant',5),(31968,75,'50','com.pp.assistant',5),(31969,75,'50','com.pp.assistant',5),(31970,75,'50','com.pp.assistant',5),(31971,75,'0','com.pp.assistant',5),(31972,75,'50','com.pp.assistant',5),(31973,75,'0','com.pp.assistant',5),(31974,75,'50','com.pp.assistant',5),(31975,75,'0','com.pp.assistant',5),(31976,75,'50','com.pp.assistant',5),(31977,75,'0','com.pp.assistant',5),(31978,75,'50','com.pp.assistant',5),(31979,75,'0','com.pp.assistant',5),(31980,75,'50','com.pp.assistant',5),(31981,75,'0','com.pp.assistant',5),(31982,75,'50','com.pp.assistant',5),(31983,75,'50','com.pp.assistant',5),(31984,75,'50','com.pp.assistant',5),(31985,75,'0','com.pp.assistant',6),(31986,75,'0','com.pp.assistant',6),(31987,75,'0','com.pp.assistant:ppservice',6),(31988,75,'0','com.pp.assistant',6),(31989,75,'0','com.pp.assistant:ppservice',6),(31990,75,'0','com.pp.assistant',6),(31991,75,'0','com.pp.assistant:ppservice',6),(31992,75,'0','com.pp.assistant',6),(31993,75,'0','com.pp.assistant:ppservice',6),(31994,75,'0','com.pp.assistant',6),(31995,75,'0','com.pp.assistant:ppservice',6),(31996,75,'0','com.pp.assistant',6),(31997,75,'0','com.pp.assistant:ppservice',6),(31998,75,'0','com.pp.assistant',6),(31999,75,'0','com.pp.assistant:ppservice',6),(32000,75,'0','com.pp.assistant',6),(32001,75,'0','com.pp.assistant:ppservice',6),(32002,75,'21','com.pp.assistant',6),(32003,75,'0.1','com.pp.assistant',6),(32004,75,'0','com.pp.assistant:ppservice',6),(32005,75,'0','com.pp.assistant:ppservice',6),(32006,75,'21','com.pp.assistant',6),(32007,75,'0.1','com.pp.assistant',6),(32008,75,'0','com.pp.assistant:ppservice',6),(32009,75,'0','com.pp.assistant:ppservice',6),(32010,75,'9.6','com.pp.assistant',6),(32011,75,'6.3','com.pp.assistant',6),(32012,75,'6.3','com.pp.assistant',6),(32013,75,'6.3','com.pp.assistant',6),(32014,75,'6.3','com.pp.assistant',6),(32015,75,'0','com.pp.assistant',6),(32016,75,'6.3','com.pp.assistant',6),(32017,75,'0','com.pp.assistant',6),(32018,75,'6.3','com.pp.assistant',6),(32019,75,'0','com.pp.assistant',6),(32020,75,'6.3','com.pp.assistant',6),(32021,75,'0','com.pp.assistant',6),(32022,75,'6.3','com.pp.assistant',6),(32023,75,'0','com.pp.assistant',6),(32024,75,'6.3','com.pp.assistant',6),(32025,75,'0','com.pp.assistant',6),(32026,75,'7','com.pp.assistant',6),(32027,75,'7','com.pp.assistant',6),(32028,75,'7','com.pp.assistant',6),(32029,75,'5.3','com.pp.assistant',6),(32030,75,'5.3','com.pp.assistant',6),(32031,75,'6','com.pp.assistant',6),(32032,75,'6','com.pp.assistant',6),(32033,75,'6','com.pp.assistant',6),(32034,75,'6','com.pp.assistant',6),(32035,75,'6','com.pp.assistant',6),(32036,75,'6','com.pp.assistant',6),(32037,75,'6','com.pp.assistant',6),(32038,75,'6','com.pp.assistant',6),(32039,75,'6','com.pp.assistant',6),(32040,75,'6','com.pp.assistant',6),(32041,75,'6.9','com.pp.assistant',6),(32042,75,'0','com.pp.assistant',6),(32043,75,'6.9','com.pp.assistant',6),(32044,75,'0','com.pp.assistant',6),(32045,75,'6.5','com.pp.assistant',6),(32046,75,'6.5','com.pp.assistant',6),(32047,75,'6.5','com.pp.assistant',6),(32048,75,'9.6','com.pp.assistant',6),(32049,75,'9.6','com.pp.assistant',6),(32050,75,'9.6','com.pp.assistant',6),(32051,75,'9.6','com.pp.assistant',6),(32052,75,'8.3','com.pp.assistant',6),(32053,75,'0','com.pp.assistant',6),(32054,75,'8.3','com.pp.assistant',6),(32055,75,'0','com.pp.assistant',6),(32056,75,'7.4','com.pp.assistant',6),(32057,75,'7.4','com.pp.assistant',6),(32058,75,'7.4','com.pp.assistant',6),(32059,75,'8.2','com.pp.assistant',6),(32060,75,'8.2','com.pp.assistant',6),(32061,75,'8.2','com.pp.assistant',6),(32062,75,'9.8','com.pp.assistant',6),(32063,75,'9.8','com.pp.assistant',6),(32064,75,'9.8','com.pp.assistant',6),(32065,75,'9.8','com.pp.assistant',6),(32066,75,'6','com.pp.assistant',6),(32067,75,'0','com.pp.assistant',6),(32068,75,'6','com.pp.assistant',6),(32069,75,'0','com.pp.assistant',6),(32070,75,'6','com.pp.assistant',6),(32071,75,'0','com.pp.assistant',6),(32072,75,'5.2','com.pp.assistant',6),(32073,75,'5.2','com.pp.assistant',6),(32074,75,'4.8','com.pp.assistant',6),(32075,75,'4.8','com.pp.assistant',6),(32076,75,'4.8','com.pp.assistant',6),(32077,75,'4.8','com.pp.assistant',6),(32078,75,'4.8','com.pp.assistant',6),(32079,75,'4.8','com.pp.assistant',6),(32080,75,'4.8','com.pp.assistant',6),(32081,75,'5.9','com.pp.assistant',6),(32082,75,'5.9','com.pp.assistant',6),(32083,75,'5.9','com.pp.assistant',6),(32084,75,'6.6','com.pp.assistant',6),(32085,75,'6.6','com.pp.assistant',6),(32086,75,'5.8','com.pp.assistant',6),(32087,75,'5.8','com.pp.assistant',6),(32088,75,'5.8','com.pp.assistant',6),(32089,75,'5.8','com.pp.assistant',6),(32090,75,'5.8','com.pp.assistant',6),(32091,75,'5.8','com.pp.assistant',6),(32092,75,'5.8','com.pp.assistant',6),(32093,75,'5.8','com.pp.assistant',6),(32094,75,'5.8','com.pp.assistant',6),(32095,75,'5.8','com.pp.assistant',6),(32096,75,'7.2','com.pp.assistant',6),(32097,75,'0','com.pp.assistant',6),(32098,75,'7.2','com.pp.assistant',6),(32099,75,'0','com.pp.assistant',6),(32100,75,'6.8','com.pp.assistant',6),(32101,75,'6.8','com.pp.assistant',6),(32102,75,'6.7','com.pp.assistant',6),(32103,75,'0.1','com.pp.assistant',6),(32104,75,'6.7','com.pp.assistant',6),(32105,75,'0.1','com.pp.assistant',6),(32106,75,'6.7','com.pp.assistant',6),(32107,75,'0.1','com.pp.assistant',6),(32108,75,'6.7','com.pp.assistant',6),(32109,75,'0.1','com.pp.assistant',6),(32110,75,'6.7','com.pp.assistant',6),(32111,75,'0.1','com.pp.assistant',6),(32112,75,'8.9','com.pp.assistant',6),(32113,75,'0','com.pp.assistant',6),(32114,75,'4.8','com.pp.assistant',6),(32115,75,'7.7','com.pp.assistant',6),(32116,75,'7.7','com.pp.assistant',6),(32117,75,'7.7','com.pp.assistant',6),(32118,75,'10','com.pp.assistant',6),(32119,75,'10','com.pp.assistant',6),(32120,75,'10','com.pp.assistant',6),(32121,75,'10','com.pp.assistant',6),(32122,75,'10','com.pp.assistant',6),(32123,75,'10','com.pp.assistant',6),(32124,75,'10','com.pp.assistant',6),(32125,75,'6.7','com.pp.assistant',6),(32126,75,'0','com.pp.assistant',6),(32127,75,'6.7','com.pp.assistant',6),(32128,75,'0','com.pp.assistant',6),(32129,75,'4.3','com.pp.assistant',6),(32130,75,'4.3','com.pp.assistant',6),(32131,75,'4.3','com.pp.assistant',6),(32132,75,'7.6','com.pp.assistant',6),(32133,75,'0','com.pp.assistant',6),(32134,75,'5.3','com.pp.assistant',6),(32135,75,'0.1','com.pp.assistant',6),(32136,75,'5.3','com.pp.assistant',6),(32137,75,'0.1','com.pp.assistant',6),(32138,75,'5.3','com.pp.assistant',6),(32139,75,'0.1','com.pp.assistant',6),(32140,75,'5.3','com.pp.assistant',6),(32141,75,'0.1','com.pp.assistant',6),(32142,75,'5.3','com.pp.assistant',6),(32143,75,'0.1','com.pp.assistant',6),(32144,75,'5.3','com.pp.assistant',6),(32145,75,'0.1','com.pp.assistant',6),(32146,75,'6.3','com.pp.assistant',6),(32147,75,'0','com.pp.assistant',6),(32148,75,'6.3','com.pp.assistant',6),(32149,75,'0','com.pp.assistant',6),(32150,75,'5.3','com.pp.assistant',6),(32151,75,'5.3','com.pp.assistant',6),(32152,75,'5.3','com.pp.assistant',6),(32153,75,'8.2','com.pp.assistant',6),(32154,75,'0','com.pp.assistant',6),(32155,75,'5.4','com.pp.assistant',6),(32156,75,'5.4','com.pp.assistant',6),(32157,75,'5.4','com.pp.assistant',6),(32158,75,'5.4','com.pp.assistant',6),(32159,75,'5.4','com.pp.assistant',6),(32160,75,'5.4','com.pp.assistant',6),(32161,75,'6.9','com.pp.assistant',6),(32162,75,'0','com.pp.assistant',6),(32163,75,'0','com.pp.assistant',1),(32164,75,'0','com.pp.assistant:ppservice',1),(32165,75,'0','com.pp.assistant',1),(32166,75,'0','com.pp.assistant:ppservice',1),(32167,75,'0','com.pp.assistant',1),(32168,75,'0','com.pp.assistant:ppservice',1),(32169,75,'0','com.pp.assistant',1),(32170,75,'0','com.pp.assistant:ppservice',1),(32171,75,'29','com.pp.assistant',1),(32172,75,'0.1','com.pp.assistant:ppservice',1),(32173,75,'0.1','com.pp.assistant',1),(32174,75,'0.1','com.pp.assistant:ppservice',1),(32175,75,'9.7','com.pp.assistant',1),(32176,75,'9.7','com.pp.assistant',1),(32177,75,'9.7','com.pp.assistant',1),(32178,75,'9.7','com.pp.assistant',1),(32179,75,'9.7','com.pp.assistant',1),(32180,75,'12','com.pp.assistant',1),(32181,75,'0','com.pp.assistant',1),(32182,75,'12','com.pp.assistant',1),(32183,75,'0','com.pp.assistant',1),(32184,75,'18','com.pp.assistant',1),(32185,75,'0','com.pp.assistant',1),(32186,75,'0','com.pp.assistant',4),(32187,75,'0','com.pp.assistant:ppservice',4),(32188,75,'0','com.pp.assistant',4),(32189,75,'0','com.pp.assistant:ppservice',4),(32190,75,'0','com.pp.assistant',4),(32191,75,'0','com.pp.assistant:ppservice',4),(32192,75,'0','com.pp.assistant',4),(32193,75,'0','com.pp.assistant:ppservice',4),(32194,75,'0','com.pp.assistant',4),(32195,75,'0','com.pp.assistant:ppservice',4),(32196,75,'0','com.pp.assistant',4),(32197,75,'0','com.pp.assistant:ppservice',4),(32198,75,'22','com.pp.assistant',4),(32199,75,'0.1','com.pp.assistant:ppservice',4),(32200,75,'0.1','com.pp.assistant:ppservice',4),(32201,75,'22','com.pp.assistant',4),(32202,75,'0.1','com.pp.assistant:ppservice',4),(32203,75,'0.1','com.pp.assistant:ppservice',4),(32204,75,'22','com.pp.assistant',4),(32205,75,'0.1','com.pp.assistant:ppservice',4),(32206,75,'0.1','com.pp.assistant:ppservice',4),(32207,75,'11','com.pp.assistant',4),(32208,75,'11','com.pp.assistant',4),(32209,75,'11','com.pp.assistant',4),(32210,75,'22','com.pp.assistant',4),(32211,75,'0','com.pp.assistant',4),(32212,75,'22','com.pp.assistant',4),(32213,75,'0','com.pp.assistant',4),(32214,75,'22','com.pp.assistant',4),(32215,75,'0','com.pp.assistant',4),(32216,75,'22','com.pp.assistant',4),(32217,75,'0','com.pp.assistant',4),(32218,75,'22','com.pp.assistant',4),(32219,75,'0','com.pp.assistant',4),(32220,75,'50','com.pp.assistant',4),(32221,75,'50','com.pp.assistant',4),(32222,75,'50','com.pp.assistant',4),(32223,75,'50','com.pp.assistant',4),(32224,75,'50','com.pp.assistant',4),(32225,75,'50','com.pp.assistant',4),(32226,75,'50','com.pp.assistant',4),(32227,75,'0','com.pp.assistant',3),(32228,75,'0','com.pp.assistant:ppservice',3),(32229,75,'0','com.pp.assistant',3),(32230,75,'0','com.pp.assistant:ppservice',3),(32231,75,'0','com.pp.assistant',3),(32232,75,'0','com.pp.assistant:ppservice',3),(32233,75,'0','com.pp.assistant',3),(32234,75,'0','com.pp.assistant:ppservice',3),(32235,75,'0','com.pp.assistant',3),(32236,75,'0','com.pp.assistant:ppservice',3),(32237,75,'0','com.pp.assistant',3),(32238,75,'0','com.pp.assistant:ppservice',3),(32239,75,'24','com.pp.assistant',3),(32240,75,'0.1','com.pp.assistant:ppservice',3),(32241,75,'0.1','com.pp.assistant:ppservice',3),(32242,75,'24','com.pp.assistant',3),(32243,75,'0.1','com.pp.assistant:ppservice',3),(32244,75,'0.1','com.pp.assistant:ppservice',3),(32245,75,'12','com.pp.assistant',3),(32246,75,'8.2','com.pp.assistant',3),(32247,75,'0','com.pp.assistant:ppservice',3),(32248,75,'0','com.pp.assistant',3),(32249,75,'0','com.pp.assistant:ppservice',3),(32250,75,'8.2','com.pp.assistant',3),(32251,75,'0','com.pp.assistant:ppservice',3),(32252,75,'0','com.pp.assistant',3),(32253,75,'0','com.pp.assistant:ppservice',3),(32254,75,'8.2','com.pp.assistant',3),(32255,75,'0','com.pp.assistant:ppservice',3),(32256,75,'0','com.pp.assistant',3),(32257,75,'0','com.pp.assistant:ppservice',3),(32258,75,'8.2','com.pp.assistant',3),(32259,75,'0','com.pp.assistant:ppservice',3),(32260,75,'0','com.pp.assistant',3),(32261,75,'0','com.pp.assistant:ppservice',3),(32262,75,'8.2','com.pp.assistant',3),(32263,75,'0','com.pp.assistant:ppservice',3),(32264,75,'0','com.pp.assistant',3),(32265,75,'0','com.pp.assistant:ppservice',3),(32266,75,'4.7','com.pp.assistant',3),(32267,75,'3.9','com.pp.assistant',3),(32268,75,'3.9','com.pp.assistant',3),(32269,75,'4.1','com.pp.assistant',3),(32270,75,'4.1','com.pp.assistant',3),(32271,75,'4.1','com.pp.assistant',3),(32272,75,'5.9','com.pp.assistant',3),(32273,75,'0','com.pp.assistant',3),(32274,75,'5.9','com.pp.assistant',3),(32275,75,'0','com.pp.assistant',3),(32276,75,'5.9','com.pp.assistant',3),(32277,75,'0','com.pp.assistant',3),(32278,75,'5.9','com.pp.assistant',3),(32279,75,'0','com.pp.assistant',3),(32280,75,'5.9','com.pp.assistant',3),(32281,75,'0','com.pp.assistant',3),(32282,75,'5.9','com.pp.assistant',3),(32283,75,'0','com.pp.assistant',3),(32284,75,'5.7','com.pp.assistant',3),(32285,75,'4.5','com.pp.assistant',3),(32286,75,'4.5','com.pp.assistant',3),(32287,75,'4.5','com.pp.assistant',3),(32288,75,'6.1','com.pp.assistant',3),(32289,75,'6.1','com.pp.assistant',3),(32290,75,'6.1','com.pp.assistant',3),(32291,75,'6.1','com.pp.assistant',3),(32292,75,'6.1','com.pp.assistant',3),(32293,75,'6.1','com.pp.assistant',3),(32294,75,'6.1','com.pp.assistant',3),(32295,75,'6.1','com.pp.assistant',3),(32296,75,'5.5','com.pp.assistant',3),(32297,75,'0','com.pp.assistant',3),(32298,75,'4.4','com.pp.assistant',3),(32299,75,'4.4','com.pp.assistant',3),(32300,75,'3.9','com.pp.assistant',3),(32301,75,'3.9','com.pp.assistant',3),(32302,75,'3.9','com.pp.assistant',3),(32303,75,'6','com.pp.assistant',3),(32304,75,'6','com.pp.assistant',3),(32305,75,'6','com.pp.assistant',3),(32306,75,'6','com.pp.assistant',3),(32307,75,'6','com.pp.assistant',3),(32308,75,'6','com.pp.assistant',3),(32309,75,'4.8','com.pp.assistant',3),(32310,75,'4.8','com.pp.assistant',3),(32311,75,'4.8','com.pp.assistant',3),(32312,75,'7.2','com.pp.assistant',3),(32313,75,'7.2','com.pp.assistant',3),(32314,75,'7.2','com.pp.assistant',3),(32315,75,'5.1','com.pp.assistant',3),(32316,75,'5.1','com.pp.assistant',3),(32317,75,'5.1','com.pp.assistant',3),(32318,75,'5.1','com.pp.assistant',3),(32319,75,'5.1','com.pp.assistant',3),(32320,75,'5.1','com.pp.assistant',3),(32321,75,'6.2','com.pp.assistant',3),(32322,75,'0','com.pp.assistant',3),(32323,75,'4.8','com.pp.assistant',3),(32324,75,'4.8','com.pp.assistant',3),(32325,75,'3.8','com.pp.assistant',3),(32326,75,'3.8','com.pp.assistant',3),(32327,75,'3.8','com.pp.assistant',3),(32328,75,'0','com.pp.assistant',2),(32329,75,'0','com.pp.assistant:ppservice',2),(32330,75,'0','com.pp.assistant',2),(32331,75,'0','com.pp.assistant:ppservice',2),(32332,75,'0','com.pp.assistant',2),(32333,75,'0','com.pp.assistant:ppservice',2),(32334,75,'0','com.pp.assistant',2),(32335,75,'0','com.pp.assistant:ppservice',2),(32336,75,'0','com.pp.assistant',2),(32337,75,'0','com.pp.assistant:ppservice',2),(32338,75,'0','com.pp.assistant',2),(32339,75,'0','com.pp.assistant:ppservice',2),(32340,75,'0','com.pp.assistant',2),(32341,75,'0','com.pp.assistant:ppservice',2),(32342,75,'0','com.pp.assistant',2),(32343,75,'0','com.pp.assistant:ppservice',2),(32344,75,'0','com.pp.assistant',2),(32345,75,'0','com.pp.assistant:ppservice',2),(32346,75,'0','com.pp.assistant',2),(32347,75,'0','com.pp.assistant:ppservice',2),(32348,75,'18','com.pp.assistant',2),(32349,75,'0','com.pp.assistant:ppservice',2),(32350,75,'0','com.pp.assistant:ppservice',2),(32351,75,'18','com.pp.assistant',2),(32352,75,'0','com.pp.assistant:ppservice',2),(32353,75,'0','com.pp.assistant:ppservice',2),(32354,75,'10','com.pp.assistant',2),(32355,75,'10','com.pp.assistant',2),(32356,75,'30','com.pp.assistant',2),(32357,75,'30','com.pp.assistant',2),(32358,75,'50','com.pp.assistant',2),(32359,75,'0','com.pp.assistant',2),(32360,75,'50','com.pp.assistant',2),(32361,75,'0','com.pp.assistant',2),(32362,75,'50','com.pp.assistant',2),(32363,75,'0','com.pp.assistant',2),(32364,75,'50','com.pp.assistant',2),(32365,75,'0','com.pp.assistant',2),(32366,75,'50','com.pp.assistant',2),(32367,75,'0','com.pp.assistant',2),(32368,75,'50','com.pp.assistant',2),(32369,75,'0','com.pp.assistant',2),(32370,75,'5.8','com.pp.assistant',2),(32371,75,'6.6','com.pp.assistant',2),(32372,75,'6.6','com.pp.assistant',2),(32373,75,'6.6','com.pp.assistant',2),(32374,75,'9.2','com.pp.assistant',2),(32375,75,'4.8','com.pp.assistant',2),(32376,75,'0','com.pp.assistant',2),(32377,75,'4.8','com.pp.assistant',2),(32378,75,'0','com.pp.assistant',2),(32379,75,'4.8','com.pp.assistant',2),(32380,75,'0','com.pp.assistant',2),(32381,75,'4.8','com.pp.assistant',2),(32382,75,'0','com.pp.assistant',2),(32383,75,'4.8','com.pp.assistant',2),(32384,75,'0','com.pp.assistant',2),(32385,75,'4.8','com.pp.assistant',2),(32386,75,'0','com.pp.assistant',2),(32387,75,'7.4','com.pp.assistant',2),(32388,75,'0','com.pp.assistant',2),(32389,75,'7.4','com.pp.assistant',2),(32390,75,'7.7','com.pp.assistant',2),(32391,75,'7.7','com.pp.assistant',2),(32392,75,'7.7','com.pp.assistant',2),(32393,75,'6.7','com.pp.assistant',2),(32394,75,'0','com.pp.assistant',2),(32395,75,'9.9','com.pp.assistant',2),(32396,75,'9.9','com.pp.assistant',2),(32397,75,'9.9','com.pp.assistant',2),(32398,75,'9.9','com.pp.assistant',2),(32399,75,'9.9','com.pp.assistant',2),(32400,75,'9.9','com.pp.assistant',2),(32401,75,'9.9','com.pp.assistant',2),(32402,75,'9.9','com.pp.assistant',2),(32403,75,'8.3','com.pp.assistant',2),(32404,75,'8.3','com.pp.assistant',2),(32405,75,'7.3','com.pp.assistant',2),(32406,75,'7.3','com.pp.assistant',2),(32407,75,'6.7','com.pp.assistant',2),(32408,75,'0','com.pp.assistant',2),(32409,75,'6.7','com.pp.assistant',2),(32410,75,'0','com.pp.assistant',2),(32411,75,'6.7','com.pp.assistant',2),(32412,75,'0','com.pp.assistant',2),(32413,75,'6.7','com.pp.assistant',2),(32414,75,'0','com.pp.assistant',2),(32415,75,'6.7','com.pp.assistant',2),(32416,75,'0','com.pp.assistant',2),(32417,75,'9.1','com.pp.assistant',2),(32418,75,'0','com.pp.assistant',2),(32419,75,'9.1','com.pp.assistant',2),(32420,75,'0','com.pp.assistant',2),(32421,75,'9.7','com.pp.assistant',2),(32422,75,'0.1','com.pp.assistant',2),(32423,75,'9.7','com.pp.assistant',2),(32424,75,'0.1','com.pp.assistant',2),(32425,75,'6.6','com.pp.assistant',2),(32426,75,'6.6','com.pp.assistant',2),(32427,75,'6.2','com.pp.assistant',2),(32428,75,'6.2','com.pp.assistant',2),(32429,75,'6.2','com.pp.assistant',2),(32430,75,'6.2','com.pp.assistant',2),(32431,75,'6.2','com.pp.assistant',2),(32432,75,'6.2','com.pp.assistant',2),(32433,75,'6.2','com.pp.assistant',2),(32434,75,'6.2','com.pp.assistant',2),(32435,75,'6','com.pp.assistant',2),(32436,75,'6','com.pp.assistant',2),(32437,75,'5.1','com.pp.assistant',2),(32438,75,'5.1','com.pp.assistant',2),(32439,75,'7.2','com.pp.assistant',2),(32440,75,'0','com.pp.assistant',2),(32441,75,'7.2','com.pp.assistant',2),(32442,75,'0','com.pp.assistant',2),(32443,75,'7.2','com.pp.assistant',2),(32444,75,'0','com.pp.assistant',2),(32445,75,'7.2','com.pp.assistant',2),(32446,75,'0','com.pp.assistant',2),(32447,75,'7.2','com.pp.assistant',2),(32448,75,'0','com.pp.assistant',2),(32449,75,'7.2','com.pp.assistant',2),(32450,75,'0','com.pp.assistant',2),(32451,75,'6.8','com.pp.assistant',2),(32452,75,'6.8','com.pp.assistant',2),(32453,75,'8','com.pp.assistant',2),(32454,75,'8','com.pp.assistant',2),(32455,75,'6.2','com.pp.assistant',2),(32456,75,'6.2','com.pp.assistant',2),(32457,75,'7.7','com.pp.assistant',2),(32458,75,'7.7','com.pp.assistant',2),(32459,75,'7.7','com.pp.assistant',2),(32460,75,'7.7','com.pp.assistant',2),(32461,75,'7.7','com.pp.assistant',2),(32462,75,'7.7','com.pp.assistant',2),(32463,75,'7.7','com.pp.assistant',2),(32464,75,'7','com.pp.assistant',2),(32465,75,'0','com.pp.assistant',2),(32466,75,'7','com.pp.assistant',2),(32467,75,'0','com.pp.assistant',2),(32468,75,'7','com.pp.assistant',2),(32469,75,'0','com.pp.assistant',2),(32470,75,'10','com.pp.assistant',2),(32471,75,'10','com.pp.assistant',2),(32472,75,'8.1','com.pp.assistant',2),(32473,75,'0','com.pp.assistant',2),(32474,75,'8.1','com.pp.assistant',2),(32475,75,'0','com.pp.assistant',2),(32476,75,'8.1','com.pp.assistant',2),(32477,75,'0','com.pp.assistant',2),(32478,75,'7','com.pp.assistant',2),(32479,75,'7','com.pp.assistant',2),(32480,75,'7','com.pp.assistant',2),(32481,75,'9.2','com.pp.assistant',2),(32482,75,'0','com.pp.assistant',2),(32483,75,'5.5','com.pp.assistant',2),(32484,75,'0.1','com.pp.assistant',2),(32485,75,'5.5','com.pp.assistant',2),(32486,75,'0.1','com.pp.assistant',2),(32487,75,'5.5','com.pp.assistant',2),(32488,75,'0.1','com.pp.assistant',2),(32489,75,'7.5','com.pp.assistant',2),(32490,75,'7.5','com.pp.assistant',2),(32491,75,'8.7','com.pp.assistant',2),(32492,75,'0','com.pp.assistant',2),(32493,75,'8.7','com.pp.assistant',2),(32494,75,'0','com.pp.assistant',2),(32495,75,'8.7','com.pp.assistant',2),(32496,75,'0','com.pp.assistant',2),(32497,75,'8.7','com.pp.assistant',2),(32498,75,'0','com.pp.assistant',2),(32499,75,'8.7','com.pp.assistant',2),(32500,75,'0','com.pp.assistant',2),(32501,75,'9.1','com.pp.assistant',2),(32502,75,'9.1','com.pp.assistant',2),(32503,75,'11','com.pp.assistant',2),(32504,75,'11','com.pp.assistant',2),(32505,75,'5','com.pp.assistant',2),(32506,75,'5','com.pp.assistant',2),(32507,75,'5.2','com.pp.assistant',2),(32508,75,'0','com.pp.assistant',2),(32509,75,'5.2','com.pp.assistant',2),(32510,75,'0','com.pp.assistant',2),(32511,75,'5.2','com.pp.assistant',2),(32512,75,'0','com.pp.assistant',2),(32513,75,'5.2','com.pp.assistant',2),(32514,75,'0','com.pp.assistant',2),(32515,75,'5.2','com.pp.assistant',2),(32516,75,'0','com.pp.assistant',2),(32517,75,'5.2','com.pp.assistant',2),(32518,75,'0','com.pp.assistant',2),(32519,75,'5.2','com.pp.assistant',2),(32520,75,'0','com.pp.assistant',2),(32521,75,'5.2','com.pp.assistant',2),(32522,75,'0','com.pp.assistant',2),(32523,75,'5.5','com.pp.assistant',2),(32524,75,'0','com.pp.assistant',2),(32525,75,'5.5','com.pp.assistant',2),(32526,75,'0','com.pp.assistant',2),(32527,75,'7.8','com.pp.assistant',2),(32528,75,'7.8','com.pp.assistant',2),(32529,75,'6.3','com.pp.assistant',2),(32530,75,'0','com.pp.assistant',2),(32531,75,'6.3','com.pp.assistant',2),(32532,75,'0','com.pp.assistant',2),(32533,75,'6.3','com.pp.assistant',2),(32534,75,'0','com.pp.assistant',2),(32535,75,'6.3','com.pp.assistant',2),(32536,75,'0','com.pp.assistant',2),(32537,77,'0','com.pp.assistant',5),(32538,77,'0','com.pp.assistant:ppservice',5),(32539,77,'0','com.pp.assistant',5),(32540,77,'0','com.pp.assistant:ppservice',5),(32541,77,'0','com.pp.assistant',5),(32542,77,'0','com.pp.assistant:ppservice',5),(32543,77,'0','com.pp.assistant',5),(32544,77,'0','com.pp.assistant:ppservice',5),(32545,77,'0','com.pp.assistant',5),(32546,77,'0','com.pp.assistant:ppservice',5),(32547,77,'0','com.pp.assistant',5),(32548,77,'0','com.pp.assistant:ppservice',5),(32549,77,'0','com.pp.assistant',5),(32550,77,'0','com.pp.assistant:ppservice',5),(32551,77,'0','com.pp.assistant',5),(32552,77,'0','com.pp.assistant:ppservice',5),(32553,77,'23','com.pp.assistant',5),(32554,77,'0.2','com.pp.assistant:ppservice',5),(32555,77,'0','com.pp.assistant',5),(32556,77,'0.2','com.pp.assistant:ppservice',5),(32557,77,'23','com.pp.assistant',5),(32558,77,'0.2','com.pp.assistant:ppservice',5),(32559,77,'0','com.pp.assistant',5),(32560,77,'0.2','com.pp.assistant:ppservice',5),(32561,77,'13','com.pp.assistant',5),(32562,77,'13','com.pp.assistant',5),(32563,77,'0','com.pp.assistant',5),(32564,77,'13','com.pp.assistant',5),(32565,77,'0','com.pp.assistant',5),(32566,77,'13','com.pp.assistant',5),(32567,77,'0','com.pp.assistant',5),(32568,77,'13','com.pp.assistant',5),(32569,77,'0','com.pp.assistant',5),(32570,77,'13','com.pp.assistant',5),(32571,77,'0','com.pp.assistant',5),(32572,77,'13','com.pp.assistant',5),(32573,77,'0','com.pp.assistant',5),(32574,77,'50','com.pp.assistant',5),(32575,77,'0','com.pp.assistant:ppservice',5),(32576,77,'0','com.pp.assistant',5),(32577,77,'0','com.pp.assistant:ppservice',5),(32578,77,'50','com.pp.assistant',5),(32579,77,'0','com.pp.assistant:ppservice',5),(32580,77,'0','com.pp.assistant',5),(32581,77,'0','com.pp.assistant:ppservice',5),(32582,77,'50','com.pp.assistant',5),(32583,77,'0','com.pp.assistant:ppservice',5),(32584,77,'0','com.pp.assistant',5),(32585,77,'0','com.pp.assistant:ppservice',5),(32586,77,'50','com.pp.assistant',5),(32587,77,'0','com.pp.assistant',5),(32588,77,'50','com.pp.assistant',5),(32589,77,'0','com.pp.assistant',5),(32590,77,'50','com.pp.assistant',5),(32591,77,'0','com.pp.assistant:ppservice',5),(32592,77,'0','com.pp.assistant:ppservice',5),(32593,77,'50','com.pp.assistant',5),(32594,77,'0','com.pp.assistant:ppservice',5),(32595,77,'0','com.pp.assistant:ppservice',5),(32596,77,'50','com.pp.assistant',5),(32597,77,'0','com.pp.assistant:ppservice',5),(32598,77,'0','com.pp.assistant:ppservice',5),(32599,77,'50','com.pp.assistant',5),(32600,77,'0','com.pp.assistant:ppservice',5),(32601,77,'0','com.pp.assistant:ppservice',5),(32602,77,'50','com.pp.assistant',5),(32603,77,'0','com.pp.assistant:ppservice',5),(32604,77,'0','com.pp.assistant:ppservice',5),(32605,77,'50','com.pp.assistant',5),(32606,77,'0','com.pp.assistant:ppservice',5),(32607,77,'50','com.pp.assistant',5),(32608,77,'50','com.pp.assistant',5),(32609,77,'50','com.pp.assistant',5),(32610,77,'0','com.pp.assistant:ppservice',5),(32611,77,'50','com.pp.assistant',5),(32612,77,'0','com.pp.assistant:ppservice',5),(32613,77,'0','com.pp.assistant:ppservice',5),(32614,77,'50','com.pp.assistant',5),(32615,77,'0','com.pp.assistant:ppservice',5),(32616,77,'0','com.pp.assistant:ppservice',5),(32617,77,'50','com.pp.assistant',5),(32618,77,'50','com.pp.assistant',5),(32619,77,'50','com.pp.assistant',5),(32620,77,'50','com.pp.assistant',5),(32621,77,'50','com.pp.assistant',5),(32622,77,'50','com.pp.assistant',5),(32623,77,'0','com.pp.assistant:ppservice',5),(32624,77,'0','com.pp.assistant',5),(32625,77,'0','com.pp.assistant:ppservice',5),(32626,77,'50','com.pp.assistant',5),(32627,77,'0','com.pp.assistant:ppservice',5),(32628,77,'0','com.pp.assistant',5),(32629,77,'0','com.pp.assistant:ppservice',5),(32630,77,'49','com.pp.assistant',5),(32631,77,'5.4','com.pp.assistant',5),(32632,77,'0.1','com.pp.assistant:ppservice',5),(32633,77,'0.1','com.pp.assistant',5),(32634,77,'0.1','com.pp.assistant:ppservice',5),(32635,77,'5.4','com.pp.assistant',5),(32636,77,'0.1','com.pp.assistant:ppservice',5),(32637,77,'0.1','com.pp.assistant',5),(32638,77,'0.1','com.pp.assistant:ppservice',5),(32639,77,'5.4','com.pp.assistant',5),(32640,77,'0.1','com.pp.assistant:ppservice',5),(32641,77,'0.1','com.pp.assistant',5),(32642,77,'0.1','com.pp.assistant:ppservice',5),(32643,77,'5.4','com.pp.assistant',5),(32644,77,'0.1','com.pp.assistant:ppservice',5),(32645,77,'0.1','com.pp.assistant',5),(32646,77,'0.1','com.pp.assistant:ppservice',5),(32647,77,'8.2','com.pp.assistant',5),(32648,77,'0.1','com.pp.assistant:ppservice',5),(32649,77,'0.1','com.pp.assistant:ppservice',5),(32650,77,'8.2','com.pp.assistant',5),(32651,77,'0.1','com.pp.assistant:ppservice',5),(32652,77,'0.1','com.pp.assistant:ppservice',5),(32653,77,'8.2','com.pp.assistant',5),(32654,77,'0.1','com.pp.assistant:ppservice',5),(32655,77,'0.1','com.pp.assistant:ppservice',5),(32656,77,'6.1','com.pp.assistant',5),(32657,77,'0.1','com.pp.assistant:ppservice',5),(32658,77,'0','com.pp.assistant',5),(32659,77,'0.1','com.pp.assistant:ppservice',5),(32660,77,'6.1','com.pp.assistant',5),(32661,77,'0.1','com.pp.assistant:ppservice',5),(32662,77,'0','com.pp.assistant',5),(32663,77,'0.1','com.pp.assistant:ppservice',5),(32664,77,'7.8','com.pp.assistant',5),(32665,77,'0.2','com.pp.assistant:ppservice',5),(32666,77,'0.1','com.pp.assistant',5),(32667,77,'0.2','com.pp.assistant:ppservice',5),(32668,77,'7.8','com.pp.assistant',5),(32669,77,'0.2','com.pp.assistant:ppservice',5),(32670,77,'0.1','com.pp.assistant',5),(32671,77,'0.2','com.pp.assistant:ppservice',5),(32672,77,'7.8','com.pp.assistant',5),(32673,77,'0.2','com.pp.assistant:ppservice',5),(32674,77,'0.1','com.pp.assistant',5),(32675,77,'0.2','com.pp.assistant:ppservice',5),(32676,77,'6.6','com.pp.assistant',5),(32677,77,'0.2','com.pp.assistant:ppservice',5),(32678,77,'0.1','com.pp.assistant',5),(32679,77,'0.2','com.pp.assistant:ppservice',5),(32680,77,'6.6','com.pp.assistant',5),(32681,77,'0.2','com.pp.assistant:ppservice',5),(32682,77,'0.1','com.pp.assistant',5),(32683,77,'0.2','com.pp.assistant:ppservice',5),(32684,77,'6.6','com.pp.assistant',5),(32685,77,'0.2','com.pp.assistant:ppservice',5),(32686,77,'0.1','com.pp.assistant',5),(32687,77,'0.2','com.pp.assistant:ppservice',5),(32688,77,'7.5','com.pp.assistant',5),(32689,77,'0.1','com.pp.assistant:ppservice',5),(32690,77,'0.1','com.pp.assistant:ppservice',5),(32691,77,'7.5','com.pp.assistant',5),(32692,77,'0.1','com.pp.assistant:ppservice',5),(32693,77,'0.1','com.pp.assistant:ppservice',5),(32694,77,'7.5','com.pp.assistant',5),(32695,77,'0.1','com.pp.assistant:ppservice',5),(32696,77,'0.1','com.pp.assistant:ppservice',5),(32697,77,'7.5','com.pp.assistant',5),(32698,77,'0.1','com.pp.assistant:ppservice',5),(32699,77,'0.1','com.pp.assistant:ppservice',5),(32700,77,'7.5','com.pp.assistant',5),(32701,77,'0.1','com.pp.assistant:ppservice',5),(32702,77,'0.1','com.pp.assistant:ppservice',5),(32703,77,'7.5','com.pp.assistant',5),(32704,77,'0.1','com.pp.assistant:ppservice',5),(32705,77,'0.1','com.pp.assistant:ppservice',5),(32706,77,'8.5','com.pp.assistant',5),(32707,77,'0','com.pp.assistant:ppservice',5),(32708,77,'0','com.pp.assistant',5),(32709,77,'0','com.pp.assistant:ppservice',5),(32710,77,'8.5','com.pp.assistant',5),(32711,77,'0','com.pp.assistant:ppservice',5),(32712,77,'0','com.pp.assistant',5),(32713,77,'0','com.pp.assistant:ppservice',5),(32714,77,'8.5','com.pp.assistant',5),(32715,77,'0','com.pp.assistant:ppservice',5),(32716,77,'0','com.pp.assistant',5),(32717,77,'0','com.pp.assistant:ppservice',5),(32718,77,'6.9','com.pp.assistant',5),(32719,77,'0.1','com.pp.assistant',5),(32720,77,'0','com.pp.assistant:ppservice',5),(32721,77,'0','com.pp.assistant:ppservice',5),(32722,77,'6.9','com.pp.assistant',5),(32723,77,'0.1','com.pp.assistant',5),(32724,77,'0','com.pp.assistant:ppservice',5),(32725,77,'0','com.pp.assistant:ppservice',5),(32726,77,'6.9','com.pp.assistant',5),(32727,77,'0.1','com.pp.assistant',5),(32728,77,'0','com.pp.assistant:ppservice',5),(32729,77,'0','com.pp.assistant:ppservice',5),(32730,77,'8.1','com.pp.assistant',5),(32731,77,'8.1','com.pp.assistant',5),(32732,77,'11','com.pp.assistant',5),(32733,77,'11','com.pp.assistant',5),(32734,77,'11','com.pp.assistant',5),(32735,77,'11','com.pp.assistant',5),(32736,77,'7.7','com.pp.assistant',5),(32737,77,'0','com.pp.assistant',5),(32738,77,'0','com.pp.assistant:ppservice',5),(32739,77,'0','com.pp.assistant:ppservice',5),(32740,77,'7.7','com.pp.assistant',5),(32741,77,'0','com.pp.assistant',5),(32742,77,'0','com.pp.assistant:ppservice',5),(32743,77,'0','com.pp.assistant:ppservice',5),(32744,77,'7.7','com.pp.assistant',5),(32745,77,'0','com.pp.assistant',5),(32746,77,'0','com.pp.assistant:ppservice',5),(32747,77,'0','com.pp.assistant:ppservice',5),(32748,77,'9.4','com.pp.assistant',5),(32749,77,'0','com.pp.assistant',5),(32750,77,'9.4','com.pp.assistant',5),(32751,77,'0','com.pp.assistant',5),(32752,77,'9.4','com.pp.assistant',5),(32753,77,'0','com.pp.assistant',5),(32754,77,'8.2','com.pp.assistant',5),(32755,77,'8.2','com.pp.assistant',5),(32756,77,'8.2','com.pp.assistant',5),(32757,77,'8.2','com.pp.assistant',5),(32758,77,'8.2','com.pp.assistant',5),(32759,77,'8.1','com.pp.assistant',5),(32760,77,'0','com.pp.assistant:ppservice',5),(32761,77,'0','com.pp.assistant:ppservice',5),(32762,77,'8.1','com.pp.assistant',5),(32763,77,'0','com.pp.assistant:ppservice',5),(32764,77,'0','com.pp.assistant:ppservice',5),(32765,77,'5.2','com.pp.assistant',5),(32766,77,'0.1','com.pp.assistant:ppservice',5),(32767,77,'0.1','com.pp.assistant:ppservice',5),(32768,77,'4.6','com.pp.assistant',5),(32769,77,'0.1','com.pp.assistant:ppservice',5),(32770,77,'0','com.pp.assistant',5),(32771,77,'0.1','com.pp.assistant:ppservice',5),(32772,77,'4.6','com.pp.assistant',5),(32773,77,'0.1','com.pp.assistant:ppservice',5),(32774,77,'0','com.pp.assistant',5),(32775,77,'0.1','com.pp.assistant:ppservice',5),(32776,77,'4.6','com.pp.assistant',5),(32777,77,'0.1','com.pp.assistant:ppservice',5),(32778,77,'0','com.pp.assistant',5),(32779,77,'0.1','com.pp.assistant:ppservice',5),(32780,77,'4.6','com.pp.assistant',5),(32781,77,'0.1','com.pp.assistant:ppservice',5),(32782,77,'0','com.pp.assistant',5),(32783,77,'0.1','com.pp.assistant:ppservice',5),(32784,77,'7.2','com.pp.assistant',5),(32785,77,'0.1','com.pp.assistant:ppservice',5),(32786,77,'0.1','com.pp.assistant:ppservice',5),(32787,77,'6.2','com.pp.assistant',5),(32788,77,'0.1','com.pp.assistant:ppservice',5),(32789,77,'0.1','com.pp.assistant:ppservice',5),(32790,77,'6.2','com.pp.assistant',5),(32791,77,'0.1','com.pp.assistant:ppservice',5),(32792,77,'0.1','com.pp.assistant:ppservice',5),(32793,77,'6.2','com.pp.assistant',5),(32794,77,'0.1','com.pp.assistant:ppservice',5),(32795,77,'0.1','com.pp.assistant:ppservice',5),(32796,77,'6.2','com.pp.assistant',5),(32797,77,'0.1','com.pp.assistant:ppservice',5),(32798,77,'0.1','com.pp.assistant:ppservice',5),(32799,77,'6','com.pp.assistant',5),(32800,77,'0.1','com.pp.assistant:ppservice',5),(32801,77,'0.1','com.pp.assistant:ppservice',5),(32802,77,'0','com.pp.assistant',6),(32803,77,'0','com.pp.assistant:ppservice',6),(32804,77,'0','com.pp.assistant',6),(32805,77,'0','com.pp.assistant:ppservice',6),(32806,77,'0','com.pp.assistant',6),(32807,77,'0','com.pp.assistant:ppservice',6),(32808,77,'0','com.pp.assistant',6),(32809,77,'0','com.pp.assistant:ppservice',6),(32810,77,'0','com.pp.assistant',6),(32811,77,'0','com.pp.assistant:ppservice',6),(32812,77,'0','com.pp.assistant',6),(32813,77,'0','com.pp.assistant:ppservice',6),(32814,77,'29','com.pp.assistant',6),(32815,77,'7.5','com.pp.assistant:ppservice',6),(32816,77,'4.1','com.pp.assistant',6),(32817,77,'0','com.pp.assistant',6),(32818,77,'7.5','com.pp.assistant:ppservice',6),(32819,77,'9.4','com.pp.assistant',6),(32820,77,'0.1','com.pp.assistant',6),(32821,77,'9.4','com.pp.assistant',6),(32822,77,'0.1','com.pp.assistant',6),(32823,77,'9.4','com.pp.assistant',6),(32824,77,'0.1','com.pp.assistant',6),(32825,77,'11','com.pp.assistant',6),(32826,77,'0','com.pp.assistant',6),(32827,77,'11','com.pp.assistant',6),(32828,77,'0','com.pp.assistant',6),(32829,77,'11','com.pp.assistant',6),(32830,77,'0','com.pp.assistant',6),(32831,77,'5.6','com.pp.assistant',6),(32832,77,'0.1','com.pp.assistant:ppservice',6),(32833,77,'0.1','com.pp.assistant:ppservice',6),(32834,77,'5.6','com.pp.assistant',6),(32835,77,'0.1','com.pp.assistant:ppservice',6),(32836,77,'0.1','com.pp.assistant:ppservice',6),(32837,77,'5.6','com.pp.assistant',6),(32838,77,'0.1','com.pp.assistant:ppservice',6),(32839,77,'0.1','com.pp.assistant:ppservice',6),(32840,77,'5.6','com.pp.assistant',6),(32841,77,'0.1','com.pp.assistant:ppservice',6),(32842,77,'0.1','com.pp.assistant:ppservice',6),(32843,77,'5.6','com.pp.assistant',6),(32844,77,'0.1','com.pp.assistant:ppservice',6),(32845,77,'0.1','com.pp.assistant:ppservice',6),(32846,77,'5.6','com.pp.assistant',6),(32847,77,'0.1','com.pp.assistant:ppservice',6),(32848,77,'0.1','com.pp.assistant:ppservice',6),(32849,77,'5.5','com.pp.assistant',6),(32850,77,'0.1','com.pp.assistant:ppservice',6),(32851,77,'0.1','com.pp.assistant:ppservice',6),(32852,77,'5.5','com.pp.assistant',6),(32853,77,'0.1','com.pp.assistant:ppservice',6),(32854,77,'0.1','com.pp.assistant:ppservice',6),(32855,77,'5.5','com.pp.assistant',6),(32856,77,'0.1','com.pp.assistant:ppservice',6),(32857,77,'0.1','com.pp.assistant:ppservice',6),(32858,77,'6.6','com.pp.assistant',6),(32859,77,'0','com.pp.assistant:ppservice',6),(32860,77,'0','com.pp.assistant:ppservice',6),(32861,77,'6.6','com.pp.assistant',6),(32862,77,'0','com.pp.assistant:ppservice',6),(32863,77,'0','com.pp.assistant:ppservice',6),(32864,77,'6.6','com.pp.assistant',6),(32865,77,'0','com.pp.assistant:ppservice',6),(32866,77,'0','com.pp.assistant:ppservice',6),(32867,77,'6.2','com.pp.assistant',6),(32868,77,'0.1','com.pp.assistant:ppservice',6),(32869,77,'0.1','com.pp.assistant:ppservice',6),(32870,77,'6.2','com.pp.assistant',6),(32871,77,'0.1','com.pp.assistant:ppservice',6),(32872,77,'0.1','com.pp.assistant:ppservice',6),(32873,77,'6.2','com.pp.assistant',6),(32874,77,'0.1','com.pp.assistant:ppservice',6),(32875,77,'0.1','com.pp.assistant:ppservice',6),(32876,77,'6.2','com.pp.assistant',6),(32877,77,'0.1','com.pp.assistant:ppservice',6),(32878,77,'0.1','com.pp.assistant:ppservice',6),(32879,77,'6.2','com.pp.assistant',6),(32880,77,'0.1','com.pp.assistant:ppservice',6),(32881,77,'0.1','com.pp.assistant:ppservice',6),(32882,77,'6.2','com.pp.assistant',6),(32883,77,'0.1','com.pp.assistant:ppservice',6),(32884,77,'0.1','com.pp.assistant:ppservice',6),(32885,77,'6.6','com.pp.assistant',6),(32886,77,'0.1','com.pp.assistant:ppservice',6),(32887,77,'0','com.pp.assistant',6),(32888,77,'0.1','com.pp.assistant:ppservice',6),(32889,77,'6.6','com.pp.assistant',6),(32890,77,'0.1','com.pp.assistant:ppservice',6),(32891,77,'0','com.pp.assistant',6),(32892,77,'0.1','com.pp.assistant:ppservice',6),(32893,77,'6.6','com.pp.assistant',6),(32894,77,'0.1','com.pp.assistant:ppservice',6),(32895,77,'0','com.pp.assistant',6),(32896,77,'0.1','com.pp.assistant:ppservice',6),(32897,77,'5.7','com.pp.assistant',6),(32898,77,'5.7','com.pp.assistant',6),(32899,77,'5.7','com.pp.assistant',6),(32900,77,'8.9','com.pp.assistant',6),(32901,77,'0','com.pp.assistant:ppservice',6),(32902,77,'0','com.pp.assistant',6),(32903,77,'0','com.pp.assistant:ppservice',6),(32904,77,'8.9','com.pp.assistant',6),(32905,77,'0','com.pp.assistant:ppservice',6),(32906,77,'0','com.pp.assistant',6),(32907,77,'0','com.pp.assistant:ppservice',6),(32908,77,'8.9','com.pp.assistant',6),(32909,77,'0','com.pp.assistant:ppservice',6),(32910,77,'0','com.pp.assistant',6),(32911,77,'0','com.pp.assistant:ppservice',6),(32912,77,'8.9','com.pp.assistant',6),(32913,77,'0','com.pp.assistant:ppservice',6),(32914,77,'0','com.pp.assistant',6),(32915,77,'0','com.pp.assistant:ppservice',6),(32916,77,'8.9','com.pp.assistant',6),(32917,77,'0','com.pp.assistant:ppservice',6),(32918,77,'0','com.pp.assistant',6),(32919,77,'0','com.pp.assistant:ppservice',6),(32920,77,'6.8','com.pp.assistant',6),(32921,77,'0','com.pp.assistant:ppservice',6),(32922,77,'0','com.pp.assistant',6),(32923,77,'0','com.pp.assistant:ppservice',6),(32924,77,'6.8','com.pp.assistant',6),(32925,77,'0','com.pp.assistant:ppservice',6),(32926,77,'0','com.pp.assistant',6),(32927,77,'0','com.pp.assistant:ppservice',6),(32928,77,'9.3','com.pp.assistant',6),(32929,77,'9.8','com.pp.assistant',6),(32930,77,'0','com.pp.assistant:ppservice',6),(32931,77,'0','com.pp.assistant:ppservice',6),(32932,77,'9.8','com.pp.assistant',6),(32933,77,'0','com.pp.assistant:ppservice',6),(32934,77,'0','com.pp.assistant:ppservice',6),(32935,77,'5.9','com.pp.assistant',6),(32936,77,'0.3','com.pp.assistant:ppservice',6),(32937,77,'0','com.pp.assistant',6),(32938,77,'0.3','com.pp.assistant:ppservice',6),(32939,77,'4.1','com.pp.assistant',6),(32940,77,'0.3','com.pp.assistant:ppservice',6),(32941,77,'0.3','com.pp.assistant:ppservice',6),(32942,77,'4.1','com.pp.assistant',6),(32943,77,'0.3','com.pp.assistant:ppservice',6),(32944,77,'0.3','com.pp.assistant:ppservice',6),(32945,77,'4.1','com.pp.assistant',6),(32946,77,'0.3','com.pp.assistant:ppservice',6),(32947,77,'0.3','com.pp.assistant:ppservice',6),(32948,77,'4.1','com.pp.assistant',6),(32949,77,'0.3','com.pp.assistant:ppservice',6),(32950,77,'0.3','com.pp.assistant:ppservice',6),(32951,77,'4.1','com.pp.assistant',6),(32952,77,'0.3','com.pp.assistant:ppservice',6),(32953,77,'0.3','com.pp.assistant:ppservice',6),(32954,77,'4.1','com.pp.assistant',6),(32955,77,'0.3','com.pp.assistant:ppservice',6),(32956,77,'0.3','com.pp.assistant:ppservice',6),(32957,77,'5.6','com.pp.assistant',6),(32958,77,'0.1','com.pp.assistant:ppservice',6),(32959,77,'0','com.pp.assistant',6),(32960,77,'0.1','com.pp.assistant:ppservice',6),(32961,77,'5.6','com.pp.assistant',6),(32962,77,'0.1','com.pp.assistant:ppservice',6),(32963,77,'0','com.pp.assistant',6),(32964,77,'0.1','com.pp.assistant:ppservice',6),(32965,77,'5.6','com.pp.assistant',6),(32966,77,'0.1','com.pp.assistant:ppservice',6),(32967,77,'0','com.pp.assistant',6),(32968,77,'0.1','com.pp.assistant:ppservice',6),(32969,77,'7.7','com.pp.assistant',6),(32970,77,'0.2','com.pp.assistant:ppservice',6),(32971,77,'0.2','com.pp.assistant:ppservice',6),(32972,77,'7.7','com.pp.assistant',6),(32973,77,'0.2','com.pp.assistant:ppservice',6),(32974,77,'0.2','com.pp.assistant:ppservice',6),(32975,77,'7.7','com.pp.assistant',6),(32976,77,'0.2','com.pp.assistant:ppservice',6),(32977,77,'0.2','com.pp.assistant:ppservice',6),(32978,77,'6.8','com.pp.assistant',6),(32979,77,'0.2','com.pp.assistant:ppservice',6),(32980,77,'0.2','com.pp.assistant:ppservice',6),(32981,77,'6.8','com.pp.assistant',6),(32982,77,'0.2','com.pp.assistant:ppservice',6),(32983,77,'0.2','com.pp.assistant:ppservice',6),(32984,77,'6.8','com.pp.assistant',6),(32985,77,'0.2','com.pp.assistant:ppservice',6),(32986,77,'0.2','com.pp.assistant:ppservice',6),(32987,77,'6.8','com.pp.assistant',6),(32988,77,'0.2','com.pp.assistant:ppservice',6),(32989,77,'0.2','com.pp.assistant:ppservice',6),(32990,77,'6.8','com.pp.assistant',6),(32991,77,'0.2','com.pp.assistant:ppservice',6),(32992,77,'0.2','com.pp.assistant:ppservice',6),(32993,77,'6.8','com.pp.assistant',6),(32994,77,'0.2','com.pp.assistant:ppservice',6),(32995,77,'0.2','com.pp.assistant:ppservice',6),(32996,77,'6.8','com.pp.assistant',6),(32997,77,'0.2','com.pp.assistant:ppservice',6),(32998,77,'0.2','com.pp.assistant:ppservice',6),(32999,77,'6.8','com.pp.assistant',6),(33000,77,'0.2','com.pp.assistant:ppservice',6),(33001,77,'0.2','com.pp.assistant:ppservice',6),(33002,77,'0','com.pp.assistant',1),(33003,77,'0','com.pp.assistant:ppservice',1),(33004,77,'0','com.pp.assistant',1),(33005,77,'0','com.pp.assistant:ppservice',1),(33006,77,'0','com.pp.assistant',1),(33007,77,'0','com.pp.assistant:ppservice',1),(33008,77,'0','com.pp.assistant',1),(33009,77,'0','com.pp.assistant:ppservice',1),(33010,77,'0','com.pp.assistant',1),(33011,77,'0','com.pp.assistant:ppservice',1),(33012,77,'0','com.pp.assistant',1),(33013,77,'0','com.pp.assistant:ppservice',1),(33014,77,'0','com.pp.assistant',1),(33015,77,'0','com.pp.assistant:ppservice',1),(33016,77,'0','com.pp.assistant',1),(33017,77,'0','com.pp.assistant:ppservice',1),(33018,77,'0','com.pp.assistant',1),(33019,77,'0','com.pp.assistant:ppservice',1),(33020,77,'0','com.pp.assistant',1),(33021,77,'0','com.pp.assistant:ppservice',1),(33022,77,'0','com.pp.assistant',1),(33023,77,'0','com.pp.assistant:ppservice',1),(33024,77,'0','com.pp.assistant',1),(33025,77,'0','com.pp.assistant:ppservice',1),(33026,77,'0','com.pp.assistant',1),(33027,77,'0','com.pp.assistant:ppservice',1),(33028,77,'0','com.pp.assistant',1),(33029,77,'0','com.pp.assistant:ppservice',1),(33030,77,'17','com.pp.assistant',1),(33031,77,'0','com.pp.assistant',1),(33032,77,'0','com.pp.assistant:ppservice',1),(33033,77,'0','com.pp.assistant:ppservice',1),(33034,77,'17','com.pp.assistant',1),(33035,77,'0','com.pp.assistant',1),(33036,77,'0','com.pp.assistant:ppservice',1),(33037,77,'0','com.pp.assistant:ppservice',1),(33038,77,'10','com.pp.assistant',1),(33039,77,'10','com.pp.assistant',1),(33040,77,'26','com.pp.assistant',1),(33041,77,'0','com.pp.assistant:ppservice',1),(33042,77,'0','com.pp.assistant',1),(33043,77,'0','com.pp.assistant:ppservice',1),(33044,77,'7.3','com.pp.assistant',1),(33045,77,'0.1','com.pp.assistant:ppservice',1),(33046,77,'0.1','com.pp.assistant:ppservice',1),(33047,77,'7.3','com.pp.assistant',1),(33048,77,'0.1','com.pp.assistant:ppservice',1),(33049,77,'0.1','com.pp.assistant:ppservice',1),(33050,77,'7.3','com.pp.assistant',1),(33051,77,'0.1','com.pp.assistant:ppservice',1),(33052,77,'0.1','com.pp.assistant:ppservice',1),(33053,77,'7.3','com.pp.assistant',1),(33054,77,'0.1','com.pp.assistant:ppservice',1),(33055,77,'0.1','com.pp.assistant:ppservice',1),(33056,77,'7.3','com.pp.assistant',1),(33057,77,'0.1','com.pp.assistant:ppservice',1),(33058,77,'0.1','com.pp.assistant:ppservice',1),(33059,77,'6.2','com.pp.assistant',1),(33060,77,'0','com.pp.assistant:ppservice',1),(33061,77,'0','com.pp.assistant:ppservice',1),(33062,77,'4.3','com.pp.assistant',1),(33063,77,'0.2','com.pp.assistant:ppservice',1),(33064,77,'0.2','com.pp.assistant:ppservice',1),(33065,77,'4.3','com.pp.assistant',1),(33066,77,'0.2','com.pp.assistant:ppservice',1),(33067,77,'0.2','com.pp.assistant:ppservice',1),(33068,77,'5.9','com.pp.assistant',1),(33069,77,'0.1','com.pp.assistant:ppservice',1),(33070,77,'0.1','com.pp.assistant:ppservice',1),(33071,77,'5.9','com.pp.assistant',1),(33072,77,'0.1','com.pp.assistant:ppservice',1),(33073,77,'0.1','com.pp.assistant:ppservice',1),(33074,77,'6.7','com.pp.assistant',1),(33075,77,'0','com.pp.assistant:ppservice',1),(33076,77,'0','com.pp.assistant',1),(33077,77,'0','com.pp.assistant:ppservice',1),(33078,77,'6.7','com.pp.assistant',1),(33079,77,'0','com.pp.assistant:ppservice',1),(33080,77,'0','com.pp.assistant',1),(33081,77,'0','com.pp.assistant:ppservice',1),(33082,77,'11','com.pp.assistant',1),(33083,77,'0.3','com.pp.assistant:ppservice',1),(33084,77,'0.3','com.pp.assistant:ppservice',1),(33085,77,'11','com.pp.assistant',1),(33086,77,'0.3','com.pp.assistant:ppservice',1),(33087,77,'0.3','com.pp.assistant:ppservice',1),(33088,77,'11','com.pp.assistant',1),(33089,77,'0.3','com.pp.assistant:ppservice',1),(33090,77,'0.3','com.pp.assistant:ppservice',1),(33091,77,'11','com.pp.assistant',1),(33092,77,'0.3','com.pp.assistant:ppservice',1),(33093,77,'0.3','com.pp.assistant:ppservice',1),(33094,77,'11','com.pp.assistant',1),(33095,77,'0.3','com.pp.assistant:ppservice',1),(33096,77,'0.3','com.pp.assistant:ppservice',1),(33097,77,'11','com.pp.assistant',1),(33098,77,'0.3','com.pp.assistant:ppservice',1),(33099,77,'0.3','com.pp.assistant:ppservice',1),(33100,77,'6.8','com.pp.assistant',1),(33101,77,'0.1','com.pp.assistant:ppservice',1),(33102,77,'0','com.pp.assistant',1),(33103,77,'0.1','com.pp.assistant:ppservice',1),(33104,77,'6.8','com.pp.assistant',1),(33105,77,'0.1','com.pp.assistant:ppservice',1),(33106,77,'0','com.pp.assistant',1),(33107,77,'0.1','com.pp.assistant:ppservice',1),(33108,77,'6.8','com.pp.assistant',1),(33109,77,'0.1','com.pp.assistant:ppservice',1),(33110,77,'0.1','com.pp.assistant:ppservice',1),(33111,77,'6.8','com.pp.assistant',1),(33112,77,'0.1','com.pp.assistant:ppservice',1),(33113,77,'0.1','com.pp.assistant:ppservice',1),(33114,77,'6.8','com.pp.assistant',1),(33115,77,'0.1','com.pp.assistant:ppservice',1),(33116,77,'0.1','com.pp.assistant:ppservice',1),(33117,77,'7','com.pp.assistant',1),(33118,77,'0.1','com.pp.assistant',1),(33119,77,'0','com.pp.assistant:ppservice',1),(33120,77,'0','com.pp.assistant:ppservice',1),(33121,77,'7','com.pp.assistant',1),(33122,77,'0.1','com.pp.assistant',1),(33123,77,'0','com.pp.assistant:ppservice',1),(33124,77,'0','com.pp.assistant:ppservice',1),(33125,77,'7','com.pp.assistant',1),(33126,77,'0.1','com.pp.assistant',1),(33127,77,'0','com.pp.assistant:ppservice',1),(33128,77,'0','com.pp.assistant:ppservice',1),(33129,77,'7','com.pp.assistant',1),(33130,77,'0.1','com.pp.assistant',1),(33131,77,'0','com.pp.assistant:ppservice',1),(33132,77,'0','com.pp.assistant:ppservice',1),(33133,77,'7','com.pp.assistant',1),(33134,77,'0.1','com.pp.assistant',1),(33135,77,'0','com.pp.assistant:ppservice',1),(33136,77,'0','com.pp.assistant:ppservice',1),(33137,77,'7','com.pp.assistant',1),(33138,77,'0.1','com.pp.assistant',1),(33139,77,'0','com.pp.assistant:ppservice',1),(33140,77,'0','com.pp.assistant:ppservice',1),(33141,77,'7','com.pp.assistant',1),(33142,77,'0.1','com.pp.assistant',1),(33143,77,'0','com.pp.assistant:ppservice',1),(33144,77,'0','com.pp.assistant:ppservice',1),(33145,77,'8.6','com.pp.assistant',1),(33146,77,'0','com.pp.assistant',1),(33147,77,'0','com.pp.assistant:ppservice',1),(33148,77,'0','com.pp.assistant:ppservice',1),(33149,77,'8.6','com.pp.assistant',1),(33150,77,'0','com.pp.assistant',1),(33151,77,'0','com.pp.assistant:ppservice',1),(33152,77,'0','com.pp.assistant:ppservice',1),(33153,77,'5.1','com.pp.assistant',1),(33154,77,'5.1','com.pp.assistant',1),(33155,77,'5.1','com.pp.assistant',1),(33156,77,'5.1','com.pp.assistant',1),(33157,77,'0','com.pp.assistant',1),(33158,77,'5.1','com.pp.assistant',1),(33159,77,'0','com.pp.assistant',1),(33160,77,'5.1','com.pp.assistant',1),(33161,77,'0','com.pp.assistant',1),(33162,77,'5.1','com.pp.assistant',1),(33163,77,'0','com.pp.assistant',1),(33164,77,'5.1','com.pp.assistant',1),(33165,77,'0','com.pp.assistant',1),(33166,77,'5.1','com.pp.assistant',1),(33167,77,'0','com.pp.assistant',1),(33168,77,'5.1','com.pp.assistant',1),(33169,77,'0','com.pp.assistant',1),(33170,77,'6.2','com.pp.assistant',1),(33171,77,'0','com.pp.assistant:ppservice',1),(33172,77,'0','com.pp.assistant:ppservice',1),(33173,77,'6.2','com.pp.assistant',1),(33174,77,'0','com.pp.assistant:ppservice',1),(33175,77,'0','com.pp.assistant:ppservice',1),(33176,77,'6.5','com.pp.assistant',1),(33177,77,'0.1','com.pp.assistant:ppservice',1),(33178,77,'0.1','com.pp.assistant:ppservice',1),(33179,77,'6.5','com.pp.assistant',1),(33180,77,'0.1','com.pp.assistant:ppservice',1),(33181,77,'0.1','com.pp.assistant:ppservice',1),(33182,77,'5.8','com.pp.assistant',1),(33183,77,'0.1','com.pp.assistant:ppservice',1),(33184,77,'0.1','com.pp.assistant:ppservice',1),(33185,77,'5.6','com.pp.assistant',1),(33186,77,'0.3','com.pp.assistant:ppservice',1),(33187,77,'0.3','com.pp.assistant:ppservice',1),(33188,77,'5.6','com.pp.assistant',1),(33189,77,'0.3','com.pp.assistant:ppservice',1),(33190,77,'0.3','com.pp.assistant:ppservice',1),(33191,77,'5.6','com.pp.assistant',1),(33192,77,'0.3','com.pp.assistant:ppservice',1),(33193,77,'0.3','com.pp.assistant:ppservice',1),(33194,77,'5.6','com.pp.assistant',1),(33195,77,'0.3','com.pp.assistant:ppservice',1),(33196,77,'0.3','com.pp.assistant:ppservice',1),(33197,77,'5.6','com.pp.assistant',1),(33198,77,'0.3','com.pp.assistant:ppservice',1),(33199,77,'0.3','com.pp.assistant:ppservice',1),(33200,77,'5.6','com.pp.assistant',1),(33201,77,'0.3','com.pp.assistant:ppservice',1),(33202,77,'0.3','com.pp.assistant:ppservice',1),(33203,77,'6.3','com.pp.assistant',1),(33204,77,'0.1','com.pp.assistant:ppservice',1),(33205,77,'0','com.pp.assistant',1),(33206,77,'0.1','com.pp.assistant:ppservice',1),(33207,77,'6.3','com.pp.assistant',1),(33208,77,'0.1','com.pp.assistant:ppservice',1),(33209,77,'0','com.pp.assistant',1),(33210,77,'0.1','com.pp.assistant:ppservice',1),(33211,77,'7.4','com.pp.assistant',1),(33212,77,'0.2','com.pp.assistant:ppservice',1),(33213,77,'0.2','com.pp.assistant:ppservice',1),(33214,77,'0','com.pp.assistant',4),(33215,77,'0','com.pp.assistant:ppservice',4),(33216,77,'0','com.pp.assistant',4),(33217,77,'0','com.pp.assistant:ppservice',4),(33218,77,'0','com.pp.assistant',4),(33219,77,'0','com.pp.assistant:ppservice',4),(33220,77,'0','com.pp.assistant',4),(33221,77,'0','com.pp.assistant:ppservice',4),(33222,77,'0','com.pp.assistant',4),(33223,77,'0','com.pp.assistant:ppservice',4),(33224,77,'0','com.pp.assistant',4),(33225,77,'0','com.pp.assistant:ppservice',4),(33226,77,'0','com.pp.assistant',4),(33227,77,'0','com.pp.assistant:ppservice',4),(33228,77,'0','com.pp.assistant',4),(33229,77,'0','com.pp.assistant:ppservice',4),(33230,77,'20','com.pp.assistant',4),(33231,77,'0.1','com.pp.assistant:ppservice',4),(33232,77,'0.1','com.pp.assistant:ppservice',4),(33233,77,'20','com.pp.assistant',4),(33234,77,'0.1','com.pp.assistant:ppservice',4),(33235,77,'0.1','com.pp.assistant:ppservice',4),(33236,77,'11','com.pp.assistant',4),(33237,77,'0','com.pp.assistant:ppservice',4),(33238,77,'0','com.pp.assistant:ppservice',4),(33239,77,'9.3','com.pp.assistant',4),(33240,77,'0.3','com.pp.assistant:ppservice',4),(33241,77,'0.3','com.pp.assistant:ppservice',4),(33242,77,'9.3','com.pp.assistant',4),(33243,77,'0.3','com.pp.assistant:ppservice',4),(33244,77,'0.3','com.pp.assistant:ppservice',4),(33245,77,'39','com.pp.assistant',4),(33246,77,'0','com.pp.assistant',4),(33247,77,'39','com.pp.assistant',4),(33248,77,'0','com.pp.assistant',4),(33249,77,'39','com.pp.assistant',4),(33250,77,'0','com.pp.assistant',4),(33251,77,'39','com.pp.assistant',4),(33252,77,'0','com.pp.assistant',4),(33253,77,'39','com.pp.assistant',4),(33254,77,'0','com.pp.assistant',4),(33255,77,'39','com.pp.assistant',4),(33256,77,'0','com.pp.assistant',4),(33257,77,'50','com.pp.assistant',4),(33258,77,'0','com.pp.assistant:ppservice',4),(33259,77,'0','com.pp.assistant:ppservice',4),(33260,77,'50','com.pp.assistant',4),(33261,77,'0','com.pp.assistant:ppservice',4),(33262,77,'0','com.pp.assistant:ppservice',4),(33263,77,'50','com.pp.assistant',4),(33264,77,'0','com.pp.assistant:ppservice',4),(33265,77,'0','com.pp.assistant:ppservice',4),(33266,77,'50','com.pp.assistant',4),(33267,77,'0','com.pp.assistant:ppservice',4),(33268,77,'0','com.pp.assistant:ppservice',4),(33269,77,'50','com.pp.assistant',4),(33270,77,'50','com.pp.assistant',4),(33271,77,'50','com.pp.assistant',4),(33272,77,'0','com.pp.assistant',4),(33273,77,'50','com.pp.assistant',4),(33274,77,'0','com.pp.assistant',4),(33275,77,'50','com.pp.assistant',4),(33276,77,'0','com.pp.assistant',4),(33277,77,'50','com.pp.assistant',4),(33278,77,'0','com.pp.assistant',4),(33279,77,'50','com.pp.assistant',4),(33280,77,'0','com.pp.assistant',4),(33281,77,'47','com.pp.assistant',4),(33282,77,'0','com.pp.assistant:ppservice',4),(33283,77,'0','com.pp.assistant',4),(33284,77,'0','com.pp.assistant:ppservice',4),(33285,77,'47','com.pp.assistant',4),(33286,77,'0','com.pp.assistant:ppservice',4),(33287,77,'0','com.pp.assistant',4),(33288,77,'0','com.pp.assistant:ppservice',4),(33289,77,'47','com.pp.assistant',4),(33290,77,'0','com.pp.assistant:ppservice',4),(33291,77,'0','com.pp.assistant',4),(33292,77,'0','com.pp.assistant:ppservice',4),(33293,77,'47','com.pp.assistant',4),(33294,77,'0','com.pp.assistant:ppservice',4),(33295,77,'0','com.pp.assistant',4),(33296,77,'0','com.pp.assistant:ppservice',4),(33297,77,'18','com.pp.assistant',4),(33298,77,'0','com.pp.assistant:ppservice',4),(33299,77,'0','com.pp.assistant',4),(33300,77,'0','com.pp.assistant:ppservice',4),(33301,77,'18','com.pp.assistant',4),(33302,77,'0','com.pp.assistant:ppservice',4),(33303,77,'0','com.pp.assistant',4),(33304,77,'0','com.pp.assistant:ppservice',4),(33305,77,'17','com.pp.assistant',4),(33306,77,'0','com.pp.assistant:ppservice',4),(33307,77,'0','com.pp.assistant',4),(33308,77,'0','com.pp.assistant:ppservice',4),(33309,77,'17','com.pp.assistant',4),(33310,77,'0','com.pp.assistant:ppservice',4),(33311,77,'0','com.pp.assistant',4),(33312,77,'0','com.pp.assistant:ppservice',4),(33313,77,'17','com.pp.assistant',4),(33314,77,'0','com.pp.assistant:ppservice',4),(33315,77,'0','com.pp.assistant',4),(33316,77,'0','com.pp.assistant:ppservice',4),(33317,77,'17','com.pp.assistant',4),(33318,77,'0','com.pp.assistant:ppservice',4),(33319,77,'0','com.pp.assistant',4),(33320,77,'0','com.pp.assistant:ppservice',4),(33321,77,'17','com.pp.assistant',4),(33322,77,'0','com.pp.assistant:ppservice',4),(33323,77,'0','com.pp.assistant',4),(33324,77,'0','com.pp.assistant:ppservice',4),(33325,77,'17','com.pp.assistant',4),(33326,77,'0','com.pp.assistant:ppservice',4),(33327,77,'0','com.pp.assistant',4),(33328,77,'0','com.pp.assistant:ppservice',4),(33329,77,'11','com.pp.assistant',4),(33330,77,'0','com.pp.assistant:ppservice',4),(33331,77,'0','com.pp.assistant',4),(33332,77,'0','com.pp.assistant:ppservice',4),(33333,77,'11','com.pp.assistant',4),(33334,77,'0','com.pp.assistant:ppservice',4),(33335,77,'0','com.pp.assistant',4),(33336,77,'0','com.pp.assistant:ppservice',4),(33337,77,'11','com.pp.assistant',4),(33338,77,'11','com.pp.assistant',4),(33339,77,'15','com.pp.assistant',4),(33340,77,'0','com.pp.assistant:ppservice',4),(33341,77,'0','com.pp.assistant:ppservice',4),(33342,77,'15','com.pp.assistant',4),(33343,77,'0','com.pp.assistant:ppservice',4),(33344,77,'0','com.pp.assistant:ppservice',4),(33345,77,'16','com.pp.assistant',4),(33346,77,'0','com.pp.assistant:ppservice',4),(33347,77,'0','com.pp.assistant',4),(33348,77,'0','com.pp.assistant:ppservice',4),(33349,77,'16','com.pp.assistant',4),(33350,77,'0','com.pp.assistant:ppservice',4),(33351,77,'0','com.pp.assistant',4),(33352,77,'0','com.pp.assistant:ppservice',4),(33353,77,'18','com.pp.assistant',4),(33354,77,'0','com.pp.assistant:ppservice',4),(33355,77,'0','com.pp.assistant:ppservice',4),(33356,77,'18','com.pp.assistant',4),(33357,77,'0','com.pp.assistant:ppservice',4),(33358,77,'0','com.pp.assistant:ppservice',4),(33359,77,'18','com.pp.assistant',4),(33360,77,'0','com.pp.assistant:ppservice',4),(33361,77,'0','com.pp.assistant:ppservice',4),(33362,77,'16','com.pp.assistant',4),(33363,77,'0','com.pp.assistant:ppservice',4),(33364,77,'0','com.pp.assistant',4),(33365,77,'0','com.pp.assistant:ppservice',4),(33366,77,'16','com.pp.assistant',4),(33367,77,'0','com.pp.assistant:ppservice',4),(33368,77,'0','com.pp.assistant',4),(33369,77,'0','com.pp.assistant:ppservice',4),(33370,77,'16','com.pp.assistant',4),(33371,77,'0','com.pp.assistant:ppservice',4),(33372,77,'0','com.pp.assistant',4),(33373,77,'0','com.pp.assistant:ppservice',4),(33374,77,'16','com.pp.assistant',4),(33375,77,'0','com.pp.assistant:ppservice',4),(33376,77,'0','com.pp.assistant',4),(33377,77,'0','com.pp.assistant:ppservice',4),(33378,77,'16','com.pp.assistant',4),(33379,77,'0.1','com.pp.assistant:ppservice',4),(33380,77,'0','com.pp.assistant',4),(33381,77,'0.1','com.pp.assistant:ppservice',4),(33382,77,'16','com.pp.assistant',4),(33383,77,'0.1','com.pp.assistant:ppservice',4),(33384,77,'0','com.pp.assistant',4),(33385,77,'0.1','com.pp.assistant:ppservice',4),(33386,77,'16','com.pp.assistant',4),(33387,77,'0.1','com.pp.assistant:ppservice',4),(33388,77,'0','com.pp.assistant',4),(33389,77,'0.1','com.pp.assistant:ppservice',4),(33390,77,'16','com.pp.assistant',4),(33391,77,'0.1','com.pp.assistant:ppservice',4),(33392,77,'0','com.pp.assistant',4),(33393,77,'0.1','com.pp.assistant:ppservice',4),(33394,77,'16','com.pp.assistant',4),(33395,77,'0.1','com.pp.assistant:ppservice',4),(33396,77,'0','com.pp.assistant',4),(33397,77,'0.1','com.pp.assistant:ppservice',4),(33398,77,'16','com.pp.assistant',4),(33399,77,'0.1','com.pp.assistant:ppservice',4),(33400,77,'0','com.pp.assistant',4),(33401,77,'0.1','com.pp.assistant:ppservice',4),(33402,77,'16','com.pp.assistant',4),(33403,77,'0.1','com.pp.assistant:ppservice',4),(33404,77,'0','com.pp.assistant',4),(33405,77,'0.1','com.pp.assistant:ppservice',4),(33406,77,'16','com.pp.assistant',4),(33407,77,'0.1','com.pp.assistant:ppservice',4),(33408,77,'0','com.pp.assistant',4),(33409,77,'0.1','com.pp.assistant:ppservice',4),(33410,77,'15','com.pp.assistant',4),(33411,77,'0.1','com.pp.assistant',4),(33412,77,'0','com.pp.assistant:ppservice',4),(33413,77,'0','com.pp.assistant:ppservice',4),(33414,77,'15','com.pp.assistant',4),(33415,77,'0.1','com.pp.assistant',4),(33416,77,'0','com.pp.assistant:ppservice',4),(33417,77,'0','com.pp.assistant:ppservice',4),(33418,77,'15','com.pp.assistant',4),(33419,77,'0.1','com.pp.assistant',4),(33420,77,'0','com.pp.assistant:ppservice',4),(33421,77,'0','com.pp.assistant:ppservice',4),(33422,77,'15','com.pp.assistant',4),(33423,77,'0.1','com.pp.assistant',4),(33424,77,'0','com.pp.assistant:ppservice',4),(33425,77,'0','com.pp.assistant:ppservice',4),(33426,77,'12','com.pp.assistant',4),(33427,77,'0','com.pp.assistant',4),(33428,77,'12','com.pp.assistant',4),(33429,77,'0','com.pp.assistant',4),(33430,77,'12','com.pp.assistant',4),(33431,77,'0','com.pp.assistant:ppservice',4),(33432,77,'0','com.pp.assistant:ppservice',4),(33433,77,'12','com.pp.assistant',4),(33434,77,'0','com.pp.assistant:ppservice',4),(33435,77,'0','com.pp.assistant:ppservice',4),(33436,77,'12','com.pp.assistant',4),(33437,77,'0','com.pp.assistant:ppservice',4),(33438,77,'0','com.pp.assistant:ppservice',4),(33439,77,'12','com.pp.assistant',4),(33440,77,'0','com.pp.assistant:ppservice',4),(33441,77,'0','com.pp.assistant:ppservice',4),(33442,77,'15','com.pp.assistant',4),(33443,77,'0','com.pp.assistant:ppservice',4),(33444,77,'0','com.pp.assistant:ppservice',4),(33445,77,'15','com.pp.assistant',4),(33446,77,'0','com.pp.assistant:ppservice',4),(33447,77,'0','com.pp.assistant:ppservice',4),(33448,77,'12','com.pp.assistant',4),(33449,77,'0.1','com.pp.assistant:ppservice',4),(33450,77,'0.1','com.pp.assistant:ppservice',4),(33451,77,'12','com.pp.assistant',4),(33452,77,'0.1','com.pp.assistant:ppservice',4),(33453,77,'0.1','com.pp.assistant:ppservice',4),(33454,77,'12','com.pp.assistant',4),(33455,77,'0.1','com.pp.assistant:ppservice',4),(33456,77,'0.1','com.pp.assistant:ppservice',4),(33457,77,'12','com.pp.assistant',4),(33458,77,'0.1','com.pp.assistant:ppservice',4),(33459,77,'0.1','com.pp.assistant:ppservice',4),(33460,77,'13','com.pp.assistant',4),(33461,77,'0.1','com.pp.assistant:ppservice',4),(33462,77,'0.1','com.pp.assistant:ppservice',4),(33463,77,'13','com.pp.assistant',4),(33464,77,'0.1','com.pp.assistant:ppservice',4),(33465,77,'0.1','com.pp.assistant:ppservice',4),(33466,77,'13','com.pp.assistant',4),(33467,77,'0.1','com.pp.assistant:ppservice',4),(33468,77,'0.1','com.pp.assistant:ppservice',4),(33469,77,'13','com.pp.assistant',4),(33470,77,'0.1','com.pp.assistant:ppservice',4),(33471,77,'0.1','com.pp.assistant:ppservice',4),(33472,77,'13','com.pp.assistant',4),(33473,77,'0.1','com.pp.assistant:ppservice',4),(33474,77,'0.1','com.pp.assistant:ppservice',4),(33475,77,'13','com.pp.assistant',4),(33476,77,'0.1','com.pp.assistant:ppservice',4),(33477,77,'0.1','com.pp.assistant:ppservice',4),(33478,77,'13','com.pp.assistant',4),(33479,77,'0.1','com.pp.assistant:ppservice',4),(33480,77,'0.1','com.pp.assistant:ppservice',4),(33481,77,'13','com.pp.assistant',4),(33482,77,'0.1','com.pp.assistant:ppservice',4),(33483,77,'0.1','com.pp.assistant:ppservice',4),(33484,77,'15','com.pp.assistant',4),(33485,77,'0','com.pp.assistant:ppservice',4),(33486,77,'0','com.pp.assistant',4),(33487,77,'0','com.pp.assistant:ppservice',4),(33488,77,'15','com.pp.assistant',4),(33489,77,'0','com.pp.assistant:ppservice',4),(33490,77,'0','com.pp.assistant',4),(33491,77,'0','com.pp.assistant:ppservice',4),(33492,77,'14','com.pp.assistant',4),(33493,77,'0','com.pp.assistant:ppservice',4),(33494,77,'0','com.pp.assistant:ppservice',4),(33495,77,'13','com.pp.assistant',4),(33496,77,'0.1','com.pp.assistant:ppservice',4),(33497,77,'0.1','com.pp.assistant:ppservice',4),(33498,77,'13','com.pp.assistant',4),(33499,77,'0.1','com.pp.assistant:ppservice',4),(33500,77,'0.1','com.pp.assistant:ppservice',4),(33501,77,'13','com.pp.assistant',4),(33502,77,'0.1','com.pp.assistant:ppservice',4),(33503,77,'0.1','com.pp.assistant:ppservice',4),(33504,77,'13','com.pp.assistant',4),(33505,77,'0.1','com.pp.assistant:ppservice',4),(33506,77,'0.1','com.pp.assistant:ppservice',4),(33507,77,'13','com.pp.assistant',4),(33508,77,'0.1','com.pp.assistant:ppservice',4),(33509,77,'0.1','com.pp.assistant:ppservice',4),(33510,77,'13','com.pp.assistant',4),(33511,77,'0.1','com.pp.assistant:ppservice',4),(33512,77,'0.1','com.pp.assistant:ppservice',4),(33513,77,'13','com.pp.assistant',4),(33514,77,'0.1','com.pp.assistant:ppservice',4),(33515,77,'0.1','com.pp.assistant:ppservice',4),(33516,77,'13','com.pp.assistant',4),(33517,77,'0.1','com.pp.assistant:ppservice',4),(33518,77,'0.1','com.pp.assistant:ppservice',4),(33519,77,'13','com.pp.assistant',4),(33520,77,'0.1','com.pp.assistant:ppservice',4),(33521,77,'0.1','com.pp.assistant:ppservice',4),(33522,77,'16','com.pp.assistant',4),(33523,77,'0','com.pp.assistant:ppservice',4),(33524,77,'0','com.pp.assistant:ppservice',4),(33525,77,'16','com.pp.assistant',4),(33526,77,'0','com.pp.assistant:ppservice',4),(33527,77,'0','com.pp.assistant:ppservice',4),(33528,77,'16','com.pp.assistant',4),(33529,77,'0','com.pp.assistant:ppservice',4),(33530,77,'0','com.pp.assistant:ppservice',4),(33531,77,'17','com.pp.assistant',4),(33532,77,'0.1','com.pp.assistant:ppservice',4),(33533,77,'0','com.pp.assistant',4),(33534,77,'0.1','com.pp.assistant:ppservice',4),(33535,77,'17','com.pp.assistant',4),(33536,77,'0.1','com.pp.assistant:ppservice',4),(33537,77,'0','com.pp.assistant',4),(33538,77,'0.1','com.pp.assistant:ppservice',4),(33539,77,'17','com.pp.assistant',4),(33540,77,'0.1','com.pp.assistant:ppservice',4),(33541,77,'0','com.pp.assistant',4),(33542,77,'0.1','com.pp.assistant:ppservice',4),(33543,77,'17','com.pp.assistant',4),(33544,77,'0.1','com.pp.assistant:ppservice',4),(33545,77,'0','com.pp.assistant',4),(33546,77,'0.1','com.pp.assistant:ppservice',4),(33547,77,'17','com.pp.assistant',4),(33548,77,'0.1','com.pp.assistant:ppservice',4),(33549,77,'0','com.pp.assistant',4),(33550,77,'0.1','com.pp.assistant:ppservice',4),(33551,77,'17','com.pp.assistant',4),(33552,77,'0.1','com.pp.assistant:ppservice',4),(33553,77,'0','com.pp.assistant',4),(33554,77,'0.1','com.pp.assistant:ppservice',4),(33555,77,'17','com.pp.assistant',4),(33556,77,'0.1','com.pp.assistant:ppservice',4),(33557,77,'0','com.pp.assistant',4),(33558,77,'0.1','com.pp.assistant:ppservice',4),(33559,77,'15','com.pp.assistant',4),(33560,77,'0','com.pp.assistant:ppservice',4),(33561,77,'0','com.pp.assistant',4),(33562,77,'0','com.pp.assistant:ppservice',4),(33563,77,'15','com.pp.assistant',4),(33564,77,'0','com.pp.assistant:ppservice',4),(33565,77,'0','com.pp.assistant',4),(33566,77,'0','com.pp.assistant:ppservice',4),(33567,77,'18','com.pp.assistant',4),(33568,77,'18','com.pp.assistant',4),(33569,77,'18','com.pp.assistant',4),(33570,77,'16','com.pp.assistant',4),(33571,77,'0','com.pp.assistant:ppservice',4),(33572,77,'0','com.pp.assistant:ppservice',4),(33573,77,'16','com.pp.assistant',4),(33574,77,'0','com.pp.assistant:ppservice',4),(33575,77,'0','com.pp.assistant:ppservice',4),(33576,77,'16','com.pp.assistant',4),(33577,77,'0','com.pp.assistant:ppservice',4),(33578,77,'0','com.pp.assistant:ppservice',4),(33579,77,'16','com.pp.assistant',4),(33580,77,'0','com.pp.assistant:ppservice',4),(33581,77,'0','com.pp.assistant:ppservice',4),(33582,77,'16','com.pp.assistant',4),(33583,77,'0','com.pp.assistant:ppservice',4),(33584,77,'0','com.pp.assistant:ppservice',4),(33585,77,'16','com.pp.assistant',4),(33586,77,'0','com.pp.assistant:ppservice',4),(33587,77,'0','com.pp.assistant:ppservice',4),(33588,77,'16','com.pp.assistant',4),(33589,77,'0','com.pp.assistant:ppservice',4),(33590,77,'0','com.pp.assistant:ppservice',4),(33591,77,'16','com.pp.assistant',4),(33592,77,'0','com.pp.assistant:ppservice',4),(33593,77,'0','com.pp.assistant:ppservice',4),(33594,77,'16','com.pp.assistant',4),(33595,77,'0','com.pp.assistant:ppservice',4),(33596,77,'0','com.pp.assistant:ppservice',4),(33597,77,'15','com.pp.assistant',4),(33598,77,'0','com.pp.assistant:ppservice',4),(33599,77,'0','com.pp.assistant',4),(33600,77,'0','com.pp.assistant:ppservice',4),(33601,77,'15','com.pp.assistant',4),(33602,77,'0','com.pp.assistant:ppservice',4),(33603,77,'0','com.pp.assistant',4),(33604,77,'0','com.pp.assistant:ppservice',4),(33605,77,'15','com.pp.assistant',4),(33606,77,'0','com.pp.assistant:ppservice',4),(33607,77,'0','com.pp.assistant',4),(33608,77,'0','com.pp.assistant:ppservice',4),(33609,77,'13','com.pp.assistant',4),(33610,77,'0','com.pp.assistant:ppservice',4),(33611,77,'0','com.pp.assistant:ppservice',4),(33612,77,'13','com.pp.assistant',4),(33613,77,'0','com.pp.assistant:ppservice',4),(33614,77,'0','com.pp.assistant:ppservice',4),(33615,77,'13','com.pp.assistant',4),(33616,77,'0','com.pp.assistant:ppservice',4),(33617,77,'0','com.pp.assistant:ppservice',4),(33618,77,'14','com.pp.assistant',4),(33619,77,'0','com.pp.assistant:ppservice',4),(33620,77,'0','com.pp.assistant:ppservice',4),(33621,77,'14','com.pp.assistant',4),(33622,77,'0','com.pp.assistant:ppservice',4),(33623,77,'0','com.pp.assistant:ppservice',4),(33624,77,'15','com.pp.assistant',4),(33625,77,'0','com.pp.assistant:ppservice',4),(33626,77,'0','com.pp.assistant',4),(33627,77,'0','com.pp.assistant:ppservice',4),(33628,77,'15','com.pp.assistant',4),(33629,77,'0','com.pp.assistant:ppservice',4),(33630,77,'0','com.pp.assistant',4),(33631,77,'0','com.pp.assistant:ppservice',4),(33632,77,'15','com.pp.assistant',4),(33633,77,'0','com.pp.assistant:ppservice',4),(33634,77,'0','com.pp.assistant',4),(33635,77,'0','com.pp.assistant:ppservice',4),(33636,77,'15','com.pp.assistant',4),(33637,77,'0','com.pp.assistant:ppservice',4),(33638,77,'0','com.pp.assistant',4),(33639,77,'0','com.pp.assistant:ppservice',4),(33640,77,'16','com.pp.assistant',4),(33641,77,'0','com.pp.assistant:ppservice',4),(33642,77,'0','com.pp.assistant:ppservice',4),(33643,77,'16','com.pp.assistant',4),(33644,77,'0','com.pp.assistant:ppservice',4),(33645,77,'0','com.pp.assistant:ppservice',4),(33646,77,'15','com.pp.assistant',4),(33647,77,'15','com.pp.assistant',4),(33648,77,'0','com.pp.assistant:ppservice',4),(33649,77,'0','com.pp.assistant:ppservice',4),(33650,77,'15','com.pp.assistant',4),(33651,77,'0','com.pp.assistant:ppservice',4),(33652,77,'0','com.pp.assistant:ppservice',4),(33653,77,'15','com.pp.assistant',4),(33654,77,'0','com.pp.assistant:ppservice',4),(33655,77,'0','com.pp.assistant:ppservice',4),(33656,77,'13','com.pp.assistant',4),(33657,77,'0','com.pp.assistant:ppservice',4),(33658,77,'0','com.pp.assistant',4),(33659,77,'0','com.pp.assistant:ppservice',4),(33660,77,'13','com.pp.assistant',4),(33661,77,'0','com.pp.assistant:ppservice',4),(33662,77,'0','com.pp.assistant',4),(33663,77,'0','com.pp.assistant:ppservice',4),(33664,77,'0','com.pp.assistant',3),(33665,77,'0','com.pp.assistant:ppservice',3),(33666,77,'0','com.pp.assistant',3),(33667,77,'0','com.pp.assistant:ppservice',3),(33668,77,'50','com.pp.assistant',3),(33669,77,'0.3','com.pp.assistant:ppservice',3),(33670,77,'0.3','com.pp.assistant:ppservice',3),(33671,77,'50','com.pp.assistant',3),(33672,77,'0.3','com.pp.assistant:ppservice',3),(33673,77,'0.3','com.pp.assistant:ppservice',3),(33674,77,'19','com.pp.assistant',3),(33675,77,'10','com.pp.assistant',3),(33676,77,'0.1','com.pp.assistant:ppservice',3),(33677,77,'0','com.pp.assistant',3),(33678,77,'0.1','com.pp.assistant:ppservice',3),(33679,77,'10','com.pp.assistant',3),(33680,77,'0.1','com.pp.assistant:ppservice',3),(33681,77,'0','com.pp.assistant',3),(33682,77,'0.1','com.pp.assistant:ppservice',3),(33683,77,'9.8','com.pp.assistant',3),(33684,77,'0.4','com.pp.assistant:ppservice',3),(33685,77,'0.4','com.pp.assistant:ppservice',3),(33686,77,'9.8','com.pp.assistant',3),(33687,77,'0.4','com.pp.assistant:ppservice',3),(33688,77,'0.4','com.pp.assistant:ppservice',3),(33689,77,'9.8','com.pp.assistant',3),(33690,77,'0.4','com.pp.assistant:ppservice',3),(33691,77,'0.4','com.pp.assistant:ppservice',3),(33692,77,'9.8','com.pp.assistant',3),(33693,77,'0.4','com.pp.assistant:ppservice',3),(33694,77,'0.4','com.pp.assistant:ppservice',3),(33695,77,'9.8','com.pp.assistant',3),(33696,77,'0.4','com.pp.assistant:ppservice',3),(33697,77,'0.4','com.pp.assistant:ppservice',3),(33698,77,'4.8','com.pp.assistant',3),(33699,77,'0','com.pp.assistant:ppservice',3),(33700,77,'0','com.pp.assistant:ppservice',3),(33701,77,'4.8','com.pp.assistant',3),(33702,77,'0','com.pp.assistant:ppservice',3),(33703,77,'0','com.pp.assistant:ppservice',3),(33704,77,'8','com.pp.assistant',3),(33705,77,'8','com.pp.assistant',3),(33706,77,'4.8','com.pp.assistant',3),(33707,77,'0','com.pp.assistant:ppservice',3),(33708,77,'0','com.pp.assistant:ppservice',3),(33709,77,'4.1','com.pp.assistant',3),(33710,77,'0.1','com.pp.assistant:ppservice',3),(33711,77,'0.1','com.pp.assistant:ppservice',3),(33712,77,'4.1','com.pp.assistant',3),(33713,77,'0.1','com.pp.assistant:ppservice',3),(33714,77,'0.1','com.pp.assistant:ppservice',3),(33715,77,'4.1','com.pp.assistant',3),(33716,77,'0.1','com.pp.assistant:ppservice',3),(33717,77,'0.1','com.pp.assistant:ppservice',3),(33718,77,'4.1','com.pp.assistant',3),(33719,77,'0.1','com.pp.assistant:ppservice',3),(33720,77,'0.1','com.pp.assistant:ppservice',3),(33721,77,'4.1','com.pp.assistant',3),(33722,77,'0.1','com.pp.assistant:ppservice',3),(33723,77,'0.1','com.pp.assistant:ppservice',3),(33724,77,'4.1','com.pp.assistant',3),(33725,77,'0.1','com.pp.assistant:ppservice',3),(33726,77,'0.1','com.pp.assistant:ppservice',3),(33727,77,'4.1','com.pp.assistant',3),(33728,77,'0.1','com.pp.assistant:ppservice',3),(33729,77,'0.1','com.pp.assistant:ppservice',3),(33730,77,'5.7','com.pp.assistant',3),(33731,77,'0','com.pp.assistant:ppservice',3),(33732,77,'0','com.pp.assistant',3),(33733,77,'0','com.pp.assistant:ppservice',3),(33734,77,'5.7','com.pp.assistant',3),(33735,77,'0','com.pp.assistant:ppservice',3),(33736,77,'0','com.pp.assistant',3),(33737,77,'0.1','com.pp.assistant:ppservice',3),(33738,77,'3','com.pp.assistant',3),(33739,77,'0.1','com.pp.assistant:ppservice',3),(33740,77,'0.1','com.pp.assistant:ppservice',3),(33741,77,'3','com.pp.assistant',3),(33742,77,'0.1','com.pp.assistant:ppservice',3),(33743,77,'0.1','com.pp.assistant:ppservice',3),(33744,77,'3','com.pp.assistant',3),(33745,77,'0.1','com.pp.assistant:ppservice',3),(33746,77,'0.1','com.pp.assistant:ppservice',3),(33747,77,'7.3','com.pp.assistant',3),(33748,77,'0.1','com.pp.assistant:ppservice',3),(33749,77,'0','com.pp.assistant',3),(33750,77,'0.1','com.pp.assistant:ppservice',3),(33751,77,'3.9','com.pp.assistant',3),(33752,77,'0.1','com.pp.assistant:ppservice',3),(33753,77,'0.1','com.pp.assistant:ppservice',3),(33754,77,'3.9','com.pp.assistant',3),(33755,77,'0.1','com.pp.assistant:ppservice',3),(33756,77,'0.1','com.pp.assistant:ppservice',3),(33757,77,'3.9','com.pp.assistant',3),(33758,77,'0.1','com.pp.assistant:ppservice',3),(33759,77,'0.1','com.pp.assistant:ppservice',3),(33760,77,'5.7','com.pp.assistant',3),(33761,77,'0','com.pp.assistant:ppservice',3),(33762,77,'0','com.pp.assistant',3),(33763,77,'0','com.pp.assistant:ppservice',3),(33764,77,'5.7','com.pp.assistant',3),(33765,77,'0','com.pp.assistant:ppservice',3),(33766,77,'0','com.pp.assistant',3),(33767,77,'0','com.pp.assistant:ppservice',3),(33768,77,'5.7','com.pp.assistant',3),(33769,77,'0','com.pp.assistant:ppservice',3),(33770,77,'0','com.pp.assistant',3),(33771,77,'0','com.pp.assistant:ppservice',3),(33772,77,'5.5','com.pp.assistant',3),(33773,77,'0.2','com.pp.assistant',3),(33774,77,'0.1','com.pp.assistant:ppservice',3),(33775,77,'0.1','com.pp.assistant:ppservice',3),(33776,77,'4.4','com.pp.assistant',3),(33777,77,'4.4','com.pp.assistant',3),(33778,77,'4.4','com.pp.assistant',3),(33779,77,'4.4','com.pp.assistant',3),(33780,77,'5.1','com.pp.assistant',3),(33781,77,'0','com.pp.assistant',3),(33782,77,'0','com.pp.assistant:ppservice',3),(33783,77,'0','com.pp.assistant:ppservice',3),(33784,77,'5.1','com.pp.assistant',3),(33785,77,'0','com.pp.assistant',3),(33786,77,'0','com.pp.assistant:ppservice',3),(33787,77,'0','com.pp.assistant:ppservice',3),(33788,77,'5.1','com.pp.assistant',3),(33789,77,'0','com.pp.assistant',3),(33790,77,'0','com.pp.assistant:ppservice',3),(33791,77,'0','com.pp.assistant:ppservice',3),(33792,77,'5.1','com.pp.assistant',3),(33793,77,'0','com.pp.assistant',3),(33794,77,'0','com.pp.assistant:ppservice',3),(33795,77,'0','com.pp.assistant:ppservice',3),(33796,77,'5.1','com.pp.assistant',3),(33797,77,'0','com.pp.assistant',3),(33798,77,'0','com.pp.assistant:ppservice',3),(33799,77,'0','com.pp.assistant:ppservice',3),(33800,77,'5.1','com.pp.assistant',3),(33801,77,'0','com.pp.assistant',3),(33802,77,'0','com.pp.assistant:ppservice',3),(33803,77,'0','com.pp.assistant:ppservice',3),(33804,77,'5.1','com.pp.assistant',3),(33805,77,'0','com.pp.assistant',3),(33806,77,'0','com.pp.assistant:ppservice',3),(33807,77,'0','com.pp.assistant:ppservice',3),(33808,77,'4.9','com.pp.assistant',3),(33809,77,'0','com.pp.assistant',3),(33810,77,'5.1','com.pp.assistant',3),(33811,77,'5.1','com.pp.assistant',3),(33812,77,'5.1','com.pp.assistant',3),(33813,77,'5.1','com.pp.assistant',3),(33814,77,'0','com.pp.assistant',3),(33815,77,'0','com.pp.assistant:ppservice',3),(33816,77,'0','com.pp.assistant:ppservice',3),(33817,77,'5.1','com.pp.assistant',3),(33818,77,'0','com.pp.assistant',3),(33819,77,'0','com.pp.assistant:ppservice',3),(33820,77,'0','com.pp.assistant:ppservice',3),(33821,77,'6.9','com.pp.assistant',3),(33822,77,'6.9','com.pp.assistant',3),(33823,77,'6.9','com.pp.assistant',3),(33824,77,'6.9','com.pp.assistant',3),(33825,77,'6.9','com.pp.assistant',3),(33826,77,'6.9','com.pp.assistant',3),(33827,77,'6','com.pp.assistant',3),(33828,77,'0','com.pp.assistant',3),(33829,77,'6','com.pp.assistant',3),(33830,77,'0','com.pp.assistant',3),(33831,77,'6','com.pp.assistant',3),(33832,77,'0','com.pp.assistant',3),(33833,77,'5.1','com.pp.assistant',3),(33834,77,'0','com.pp.assistant',3),(33835,77,'3.6','com.pp.assistant',3),(33836,77,'0.1','com.pp.assistant',3),(33837,77,'0','com.pp.assistant',2),(33838,77,'0','com.pp.assistant:ppservice',2),(33839,77,'0','com.pp.assistant',2),(33840,77,'0','com.pp.assistant:ppservice',2),(33841,77,'0','com.pp.assistant',2),(33842,77,'0','com.pp.assistant:ppservice',2),(33843,77,'0','com.pp.assistant',2),(33844,77,'0','com.pp.assistant:ppservice',2),(33845,77,'0','com.pp.assistant',2),(33846,77,'0','com.pp.assistant:ppservice',2),(33847,77,'0','com.pp.assistant',2),(33848,77,'0','com.pp.assistant:ppservice',2),(33849,77,'0','com.pp.assistant',2),(33850,77,'0','com.pp.assistant:ppservice',2),(33851,77,'0','com.pp.assistant',2),(33852,77,'0','com.pp.assistant:ppservice',2),(33853,77,'0','com.pp.assistant',2),(33854,77,'0','com.pp.assistant:ppservice',2),(33855,77,'0','com.pp.assistant',2),(33856,77,'0','com.pp.assistant:ppservice',2),(33857,77,'0','com.pp.assistant',2),(33858,77,'0','com.pp.assistant:ppservice',2),(33859,77,'0','com.pp.assistant',2),(33860,77,'0','com.pp.assistant:ppservice',2),(33861,77,'18','com.pp.assistant',2),(33862,77,'0.1','com.pp.assistant:ppservice',2),(33863,77,'0','com.pp.assistant',2),(33864,77,'0.1','com.pp.assistant:ppservice',2),(33865,77,'8.6','com.pp.assistant',2),(33866,77,'8.6','com.pp.assistant',2),(33867,77,'8.6','com.pp.assistant',2),(33868,77,'50','com.pp.assistant',2),(33869,77,'0','com.pp.assistant:ppservice',2),(33870,77,'0','com.pp.assistant:ppservice',2),(33871,77,'50','com.pp.assistant',2),(33872,77,'0','com.pp.assistant:ppservice',2),(33873,77,'0','com.pp.assistant:ppservice',2),(33874,77,'50','com.pp.assistant',2),(33875,77,'0','com.pp.assistant:ppservice',2),(33876,77,'0','com.pp.assistant:ppservice',2),(33877,77,'50','com.pp.assistant',2),(33878,77,'0','com.pp.assistant:ppservice',2),(33879,77,'0','com.pp.assistant:ppservice',2),(33880,77,'50','com.pp.assistant',2),(33881,77,'0','com.pp.assistant:ppservice',2),(33882,77,'0','com.pp.assistant:ppservice',2),(33883,77,'50','com.pp.assistant',2),(33884,77,'0','com.pp.assistant:ppservice',2),(33885,77,'0','com.pp.assistant:ppservice',2),(33886,77,'50','com.pp.assistant',2),(33887,77,'0','com.pp.assistant:ppservice',2),(33888,77,'0','com.pp.assistant:ppservice',2),(33889,77,'50','com.pp.assistant',2),(33890,77,'0','com.pp.assistant:ppservice',2),(33891,77,'0','com.pp.assistant',2),(33892,77,'0','com.pp.assistant:ppservice',2),(33893,77,'50','com.pp.assistant',2),(33894,77,'0','com.pp.assistant:ppservice',2),(33895,77,'0','com.pp.assistant',2),(33896,77,'0','com.pp.assistant:ppservice',2),(33897,77,'8.3','com.pp.assistant',2),(33898,77,'8.3','com.pp.assistant',2),(33899,77,'8.3','com.pp.assistant',2),(33900,77,'6.9','com.pp.assistant',2),(33901,77,'0','com.pp.assistant',2),(33902,77,'0','com.pp.assistant:ppservice',2),(33903,77,'0','com.pp.assistant:ppservice',2),(33904,77,'7','com.pp.assistant',2),(33905,77,'7','com.pp.assistant',2),(33906,77,'7','com.pp.assistant',2),(33907,77,'6.9','com.pp.assistant',2),(33908,77,'0','com.pp.assistant',2),(33909,77,'6.9','com.pp.assistant',2),(33910,77,'0','com.pp.assistant',2),(33911,77,'6.9','com.pp.assistant',2),(33912,77,'0','com.pp.assistant',2),(33913,77,'8.9','com.pp.assistant',2),(33914,77,'0.1','com.pp.assistant',2),(33915,77,'4.6','com.pp.assistant',2),(33916,77,'4.6','com.pp.assistant',2),(33917,77,'4.6','com.pp.assistant',2),(33918,77,'4.6','com.pp.assistant',2),(33919,77,'9.8','com.pp.assistant',2),(33920,77,'0','com.pp.assistant:ppservice',2),(33921,77,'0','com.pp.assistant:ppservice',2),(33922,77,'7.4','com.pp.assistant',2),(33923,77,'0.1','com.pp.assistant:ppservice',2),(33924,77,'0.1','com.pp.assistant:ppservice',2),(33925,77,'7.4','com.pp.assistant',2),(33926,77,'0.1','com.pp.assistant:ppservice',2),(33927,77,'0.1','com.pp.assistant:ppservice',2),(33928,77,'7.4','com.pp.assistant',2),(33929,77,'0.1','com.pp.assistant:ppservice',2),(33930,77,'0.1','com.pp.assistant:ppservice',2),(33931,77,'7.4','com.pp.assistant',2),(33932,77,'0.1','com.pp.assistant:ppservice',2),(33933,77,'0.1','com.pp.assistant:ppservice',2),(33934,77,'7.4','com.pp.assistant',2),(33935,77,'0.1','com.pp.assistant:ppservice',2),(33936,77,'0.1','com.pp.assistant:ppservice',2),(33937,77,'6.9','com.pp.assistant',2),(33938,77,'0.1','com.pp.assistant:ppservice',2),(33939,77,'0','com.pp.assistant',2),(33940,77,'0.1','com.pp.assistant:ppservice',2),(33941,77,'6.9','com.pp.assistant',2),(33942,77,'0.1','com.pp.assistant:ppservice',2),(33943,77,'0','com.pp.assistant',2),(33944,77,'0.1','com.pp.assistant:ppservice',2),(33945,77,'11','com.pp.assistant',2),(33946,77,'11','com.pp.assistant',2),(33947,77,'8.4','com.pp.assistant',2),(33948,77,'0','com.pp.assistant:ppservice',2),(33949,77,'0','com.pp.assistant:ppservice',2),(33950,77,'7.4','com.pp.assistant',2),(33951,77,'0','com.pp.assistant',2),(33952,77,'7.4','com.pp.assistant',2),(33953,77,'0.1','com.pp.assistant',2),(33954,77,'7.4','com.pp.assistant',2),(33955,77,'0.1','com.pp.assistant',2),(33956,77,'7.4','com.pp.assistant',2),(33957,77,'0.1','com.pp.assistant',2),(33958,77,'7.4','com.pp.assistant',2),(33959,77,'0.1','com.pp.assistant',2),(33960,77,'7.4','com.pp.assistant',2),(33961,77,'0.1','com.pp.assistant',2),(33962,77,'7.4','com.pp.assistant',2),(33963,77,'0.1','com.pp.assistant',2),(33964,77,'7.4','com.pp.assistant',2),(33965,77,'0.1','com.pp.assistant',2),(33966,77,'7.7','com.pp.assistant',2),(33967,77,'0','com.pp.assistant:ppservice',2),(33968,77,'0','com.pp.assistant:ppservice',2),(33969,77,'7.7','com.pp.assistant',2),(33970,77,'0','com.pp.assistant:ppservice',2),(33971,77,'0','com.pp.assistant:ppservice',2),(33972,77,'7.7','com.pp.assistant',2),(33973,77,'0','com.pp.assistant:ppservice',2),(33974,77,'0','com.pp.assistant:ppservice',2),(33975,77,'7.7','com.pp.assistant',2),(33976,77,'0','com.pp.assistant:ppservice',2),(33977,77,'0','com.pp.assistant:ppservice',2),(33978,77,'6.1','com.pp.assistant',2),(33979,77,'0.1','com.pp.assistant:ppservice',2),(33980,77,'0.1','com.pp.assistant:ppservice',2),(33981,77,'7.8','com.pp.assistant',2),(33982,77,'0.3','com.pp.assistant:ppservice',2),(33983,77,'0.3','com.pp.assistant:ppservice',2),(33984,77,'7.8','com.pp.assistant',2),(33985,77,'0.3','com.pp.assistant:ppservice',2),(33986,77,'0.3','com.pp.assistant:ppservice',2),(33987,77,'7.8','com.pp.assistant',2),(33988,77,'0.3','com.pp.assistant:ppservice',2),(33989,77,'0.3','com.pp.assistant:ppservice',2),(33990,77,'7.8','com.pp.assistant',2),(33991,77,'0.3','com.pp.assistant:ppservice',2),(33992,77,'0.3','com.pp.assistant:ppservice',2),(33993,77,'7.8','com.pp.assistant',2),(33994,77,'0.3','com.pp.assistant:ppservice',2),(33995,77,'0.3','com.pp.assistant:ppservice',2),(33996,77,'7.8','com.pp.assistant',2),(33997,77,'0.3','com.pp.assistant:ppservice',2),(33998,77,'0.3','com.pp.assistant:ppservice',2),(33999,77,'6.3','com.pp.assistant',2),(34000,77,'0.1','com.pp.assistant:ppservice',2),(34001,77,'0','com.pp.assistant',2),(34002,77,'0.1','com.pp.assistant:ppservice',2),(34003,77,'4.5','com.pp.assistant',2),(34004,77,'0.4','com.pp.assistant:ppservice',2),(34005,77,'0.4','com.pp.assistant:ppservice',2),(34006,77,'4.5','com.pp.assistant',2),(34007,77,'0.4','com.pp.assistant:ppservice',2),(34008,77,'0.4','com.pp.assistant:ppservice',2),(34009,77,'6.4','com.pp.assistant',2),(34010,77,'0','com.pp.assistant:ppservice',2),(34011,77,'0','com.pp.assistant:ppservice',2),(34012,77,'5.8','com.pp.assistant',2),(34013,77,'0','com.pp.assistant',2),(34014,77,'5.8','com.pp.assistant',2),(34015,77,'0.2','com.pp.assistant:ppservice',2),(34016,77,'0.2','com.pp.assistant:ppservice',2),(34017,77,'5.8','com.pp.assistant',2),(34018,77,'0.2','com.pp.assistant:ppservice',2),(34019,77,'0.2','com.pp.assistant:ppservice',2),(34020,77,'5.8','com.pp.assistant',2),(34021,77,'0.2','com.pp.assistant:ppservice',2),(34022,77,'0.2','com.pp.assistant:ppservice',2);

/*Table structure for table `android_test_download` */

DROP TABLE IF EXISTS `android_test_download`;

CREATE TABLE `android_test_download` (
  `test_download_id` int(20) NOT NULL AUTO_INCREMENT,
  `subtask_id` int(20) DEFAULT NULL,
  `url` varchar(255) DEFAULT NULL,
  `file_size` int(20) DEFAULT NULL,
  `speed` varchar(50) DEFAULT NULL,
  `download_time` varchar(50) DEFAULT NULL,
  `create_time` datetime DEFAULT NULL,
  PRIMARY KEY (`test_download_id`)
) ENGINE=InnoDB AUTO_INCREMENT=30 DEFAULT CHARSET=utf8;

/*Data for the table `android_test_download` */

insert  into `android_test_download`(`test_download_id`,`subtask_id`,`url`,`file_size`,`speed`,`download_time`,`create_time`) values (13,0,'http://gdown.baidu.com/data/wisegame/f243ddd66f7ab659/FruitNinja_1913.apk',30595297,'791.921212727288','37.7287781238556','2015-03-12 01:02:25'),(14,0,'http://gdown.baidu.com/data/wisegame/f243ddd66f7ab659/FruitNinja_1913.apk',30595297,'2192.01813389088','13.6304619312286','2015-03-12 01:03:01'),(15,0,'http://gdown.baidu.com/data/wisegame/f243ddd66f7ab659/FruitNinja_1913.apk',30595297,'1345.43751286326','22.2070660591125','2015-03-12 01:05:15'),(16,0,'http://gdown.baidu.com/data/wisegame/f243ddd66f7ab659/FruitNinja_1913.apk',30595297,'1962.48755947714','15.2246670722961','2015-03-12 01:05:52'),(17,0,'http://gdown.baidu.com/data/wisegame/f243ddd66f7ab659/FruitNinja_1913.apk',30595297,'1875.85338858582','15.9278011322021','2015-03-12 01:06:30'),(18,0,'http://gdown.baidu.com/data/wisegame/f243ddd66f7ab659/FruitNinja_1913.apk',30595297,'2365.70458519353','12.6297340393066','2015-03-12 01:07:05'),(19,0,'http://gdown.baidu.com/data/wisegame/f243ddd66f7ab659/FruitNinja_1913.apk',30595297,'1685.7571446543','17.7239170074463','2015-03-12 01:07:45'),(20,0,'http://gdown.baidu.com/data/wisegame/f243ddd66f7ab659/FruitNinja_1913.apk',30595297,'2067.59298182444','14.4507260322571','2015-03-12 01:31:42'),(21,0,'http://gdown.baidu.com/data/wisegame/f243ddd66f7ab659/FruitNinja_1913.apk',30595297,'2646.73930171535','11.2886900901794','2015-03-12 01:32:14'),(22,0,'http://gdown.baidu.com/data/wisegame/f243ddd66f7ab659/FruitNinja_1913.apk',30595297,'                                                  ','14.9967668056488','2015-03-12 01:32:51'),(23,0,'http://gdown.baidu.com/data/wisegame/f243ddd66f7ab659/FruitNinja_1913.apk',30595297,'2484.96516654038','12.0235970020294','2015-03-12 01:33:24'),(24,0,'http://gdown.baidu.com/data/wisegame/f243ddd66f7ab659/FruitNinja_1913.apk',30595297,'1967.37749842558','15.1868259906769','2015-03-12 01:34:00'),(25,0,'http://gdown.baidu.com/data/wisegame/f243ddd66f7ab659/FruitNinja_1913.apk',30595297,'1992.59069058558','14.9946599006653','2015-03-12 01:34:37'),(26,0,'http://gdown.baidu.com/data/wisegame/f243ddd66f7ab659/FruitNinja_1913.apk',30595297,'1063.83469392143','28.0853970050812','2015-03-12 01:35:26'),(27,0,'http://gdown.baidu.com/data/wisegame/f243ddd66f7ab659/FruitNinja_1913.apk',30595297,'2646.29978126137','11.2905650138855','2015-03-12 01:35:59'),(28,0,'http://gdown.baidu.com/data/wisegame/f243ddd66f7ab659/FruitNinja_1913.apk',30595297,'1798.2838374727','16.6148519515991','2015-03-12 01:36:37'),(29,0,'http://gdown.baidu.com/data/wisegame/f243ddd66f7ab659/FruitNinja_1913.apk',30595297,'2036.46273025481','14.6716260910034','2015-03-12 01:37:14');

/*Table structure for table `android_test_js` */

DROP TABLE IF EXISTS `android_test_js`;

CREATE TABLE `android_test_js` (
  `js_test_id` int(11) NOT NULL AUTO_INCREMENT,
  `sub_task_id` int(11) NOT NULL,
  `test_result` varchar(50) COLLATE utf8_unicode_ci DEFAULT NULL,
  `js_intereface_id` varchar(50) COLLATE utf8_unicode_ci DEFAULT NULL,
  `js_intereface_des` varchar(150) COLLATE utf8_unicode_ci DEFAULT NULL,
  `js_test_info` varchar(150) COLLATE utf8_unicode_ci DEFAULT NULL,
  `test_case_id` int(11) DEFAULT NULL,
  PRIMARY KEY (`js_test_id`)
) ENGINE=InnoDB AUTO_INCREMENT=3 DEFAULT CHARSET=utf8 COLLATE=utf8_unicode_ci;

/*Data for the table `android_test_js` */

insert  into `android_test_js`(`js_test_id`,`sub_task_id`,`test_result`,`js_intereface_id`,`js_intereface_des`,`js_test_info`,`test_case_id`) values (1,17,'success','702','abc','null',0),(2,0,NULL,NULL,NULL,NULL,NULL);

/*Table structure for table `android_test_memory` */

DROP TABLE IF EXISTS `android_test_memory`;

CREATE TABLE `android_test_memory` (
  `memory_test_id` int(11) NOT NULL AUTO_INCREMENT,
  `memory` varchar(255) DEFAULT NULL,
  `process` varchar(255) DEFAULT NULL,
  `sub_task_id` int(11) DEFAULT NULL,
  `test_case_id` int(11) DEFAULT NULL,
  PRIMARY KEY (`memory_test_id`)
) ENGINE=InnoDB AUTO_INCREMENT=2123 DEFAULT CHARSET=utf8;

/*Data for the table `android_test_memory` */

insert  into `android_test_memory`(`memory_test_id`,`memory`,`process`,`sub_task_id`,`test_case_id`) values (1,'19282','com.pp.assistant',51,1),(2,'28490','com.pp.assistant',51,1),(3,'33841','com.pp.assistant',51,1),(4,'34549','com.pp.assistant',51,1),(5,'34224','com.pp.assistant',51,1),(6,'36308','com.pp.assistant',51,1),(7,'37608','com.pp.assistant',51,1),(8,'38228','com.pp.assistant',51,1),(9,'39556','com.pp.assistant',51,1),(10,'37388','com.pp.assistant',51,1),(11,'39360','com.pp.assistant',51,1),(12,'40480','com.pp.assistant',51,1),(13,'19903','com.pp.assistant',51,2),(14,'32127','com.pp.assistant',51,2),(15,'34177','com.pp.assistant',51,2),(16,'34204','com.pp.assistant',51,2),(17,'36348','com.pp.assistant',51,2),(18,'36384','com.pp.assistant',51,2),(19,'38268','com.pp.assistant',51,2),(20,'38504','com.pp.assistant',51,2),(21,'40140','com.pp.assistant',51,2),(22,'42809','com.pp.assistant',51,2),(23,'43505','com.pp.assistant',51,2),(24,'43881','com.pp.assistant',51,2),(25,'46105','com.pp.assistant',51,2),(26,'46269','com.pp.assistant',51,2),(27,'46313','com.pp.assistant',51,2),(28,'46797','com.pp.assistant',51,2),(29,'44073','com.pp.assistant',51,2),(30,'44081','com.pp.assistant',51,2),(31,'44089','com.pp.assistant',51,2),(32,'44101','com.pp.assistant',51,2),(33,'44109','com.pp.assistant',51,2),(34,'44117','com.pp.assistant',51,2),(35,'44125','com.pp.assistant',51,2),(36,'44193','com.pp.assistant',51,2),(37,'44201','com.pp.assistant',51,2),(38,'44209','com.pp.assistant',51,2),(39,'44221','com.pp.assistant',51,2),(40,'44229','com.pp.assistant',51,2),(41,'44241','com.pp.assistant',51,2),(42,'44249','com.pp.assistant',51,2),(43,'44265','com.pp.assistant',51,2),(44,'44281','com.pp.assistant',51,2),(45,'44297','com.pp.assistant',51,2),(46,'44305','com.pp.assistant',51,2),(47,'44321','com.pp.assistant',51,2),(48,'44337','com.pp.assistant',51,2),(49,'44357','com.pp.assistant',51,2),(50,'44373','com.pp.assistant',51,2),(51,'44417','com.pp.assistant',51,2),(52,'44465','com.pp.assistant',51,2),(53,'44505','com.pp.assistant',51,2),(54,'44593','com.pp.assistant',51,2),(55,'44673','com.pp.assistant',51,2),(56,'44753','com.pp.assistant',51,2),(57,'44833','com.pp.assistant',51,2),(58,'44921','com.pp.assistant',51,2),(59,'45017','com.pp.assistant',51,2),(60,'45105','com.pp.assistant',51,2),(61,'45193','com.pp.assistant',51,2),(62,'45289','com.pp.assistant',51,2),(63,'45381','com.pp.assistant',51,2),(64,'45481','com.pp.assistant',51,2),(65,'45577','com.pp.assistant',51,2),(66,'45681','com.pp.assistant',51,2),(67,'45785','com.pp.assistant',51,2),(68,'45889','com.pp.assistant',51,2),(69,'45989','com.pp.assistant',51,2),(70,'46101','com.pp.assistant',51,2),(71,'46213','com.pp.assistant',51,2),(72,'46325','com.pp.assistant',51,2),(73,'46325','com.pp.assistant',51,2),(74,'43757','com.pp.assistant',51,2),(75,'43765','com.pp.assistant',51,2),(76,'43773','com.pp.assistant',51,2),(77,'43781','com.pp.assistant',51,2),(78,'43789','com.pp.assistant',51,2),(79,'43797','com.pp.assistant',51,2),(80,'43805','com.pp.assistant',51,2),(81,'43817','com.pp.assistant',51,2),(82,'43825','com.pp.assistant',51,2),(83,'43833','com.pp.assistant',51,2),(84,'43841','com.pp.assistant',51,2),(85,'43849','com.pp.assistant',51,2),(86,'43857','com.pp.assistant',51,2),(87,'43865','com.pp.assistant',51,2),(88,'43873','com.pp.assistant',51,2),(89,'43881','com.pp.assistant',51,2),(90,'43889','com.pp.assistant',51,2),(91,'43897','com.pp.assistant',51,2),(92,'43905','com.pp.assistant',51,2),(93,'43917','com.pp.assistant',51,2),(94,'43925','com.pp.assistant',51,2),(95,'43933','com.pp.assistant',51,2),(96,'43941','com.pp.assistant',51,2),(97,'43949','com.pp.assistant',51,2),(98,'43961','com.pp.assistant',51,2),(99,'43973','com.pp.assistant',51,2),(100,'44017','com.pp.assistant',51,2),(101,'44049','com.pp.assistant',51,2),(102,'44097','com.pp.assistant',51,2),(103,'44141','com.pp.assistant',51,2),(104,'44193','com.pp.assistant',51,2),(105,'44253','com.pp.assistant',51,2),(106,'44317','com.pp.assistant',51,2),(107,'44381','com.pp.assistant',51,2),(108,'44453','com.pp.assistant',51,2),(109,'44533','com.pp.assistant',51,2),(110,'44609','com.pp.assistant',51,2),(111,'44693','com.pp.assistant',51,2),(112,'44833','com.pp.assistant',51,2),(113,'44925','com.pp.assistant',51,2),(114,'45017','com.pp.assistant',51,2),(115,'45101','com.pp.assistant',51,2),(116,'45201','com.pp.assistant',51,2),(117,'45301','com.pp.assistant',51,2),(118,'45397','com.pp.assistant',51,2),(119,'45505','com.pp.assistant',51,2),(120,'45597','com.pp.assistant',51,2),(121,'45701','com.pp.assistant',51,2),(122,'45801','com.pp.assistant',51,2),(123,'45857','com.pp.assistant',51,2),(124,'43297','com.pp.assistant',51,2),(125,'43317','com.pp.assistant',51,2),(126,'43325','com.pp.assistant',51,2),(127,'43333','com.pp.assistant',51,2),(128,'43341','com.pp.assistant',51,2),(129,'43349','com.pp.assistant',51,2),(130,'43357','com.pp.assistant',51,2),(131,'43369','com.pp.assistant',51,2),(132,'43377','com.pp.assistant',51,2),(133,'43389','com.pp.assistant',51,2),(134,'43397','com.pp.assistant',51,2),(135,'43405','com.pp.assistant',51,2),(136,'43413','com.pp.assistant',51,2),(137,'43421','com.pp.assistant',51,2),(138,'43429','com.pp.assistant',51,2),(139,'43441','com.pp.assistant',51,2),(140,'43449','com.pp.assistant',51,2),(141,'43457','com.pp.assistant',51,2),(142,'43469','com.pp.assistant',51,2),(143,'43477','com.pp.assistant',51,2),(144,'15378','com.pp.assistant',51,3),(145,'32028','com.pp.assistant',51,3),(146,'34666','com.pp.assistant',51,3),(147,'34177','com.pp.assistant',51,3),(148,'35381','com.pp.assistant',51,3),(149,'37054','com.pp.assistant',51,3),(150,'27322','com.pp.assistant',51,3),(151,'27438','com.pp.assistant',51,3),(152,'27446','com.pp.assistant',51,3),(153,'27458','com.pp.assistant',51,3),(154,'27470','com.pp.assistant',51,3),(155,'27478','com.pp.assistant',51,3),(156,'27498','com.pp.assistant',51,3),(157,'27510','com.pp.assistant',51,3),(158,'27526','com.pp.assistant',51,3),(159,'27542','com.pp.assistant',51,3),(160,'27566','com.pp.assistant',51,3),(161,'27622','com.pp.assistant',51,3),(162,'27702','com.pp.assistant',51,3),(163,'27806','com.pp.assistant',51,3),(164,'27910','com.pp.assistant',51,3),(165,'28022','com.pp.assistant',51,3),(166,'28130','com.pp.assistant',51,3),(167,'28238','com.pp.assistant',51,3),(168,'28358','com.pp.assistant',51,3),(169,'28470','com.pp.assistant',51,3),(170,'28590','com.pp.assistant',51,3),(171,'27538','com.pp.assistant',51,3),(172,'27594','com.pp.assistant',51,3),(173,'27682','com.pp.assistant',51,3),(174,'27754','com.pp.assistant',51,3),(175,'27762','com.pp.assistant',51,3),(176,'27770','com.pp.assistant',51,3),(177,'27778','com.pp.assistant',51,3),(178,'27790','com.pp.assistant',51,3),(179,'27798','com.pp.assistant',51,3),(180,'27806','com.pp.assistant',51,3),(181,'27818','com.pp.assistant',51,3),(182,'27826','com.pp.assistant',51,3),(183,'27834','com.pp.assistant',51,3),(184,'27850','com.pp.assistant',51,3),(185,'27906','com.pp.assistant',51,3),(186,'27982','com.pp.assistant',51,3),(187,'28070','com.pp.assistant',51,3),(188,'28158','com.pp.assistant',51,3),(189,'28254','com.pp.assistant',51,3),(190,'28362','com.pp.assistant',51,3),(191,'28470','com.pp.assistant',51,3),(192,'28578','com.pp.assistant',51,3),(193,'27578','com.pp.assistant',51,3),(194,'27626','com.pp.assistant',51,3),(195,'27634','com.pp.assistant',51,3),(196,'27642','com.pp.assistant',51,3),(197,'27658','com.pp.assistant',51,3),(198,'27666','com.pp.assistant',51,3),(199,'27674','com.pp.assistant',51,3),(200,'27682','com.pp.assistant',51,3),(201,'27690','com.pp.assistant',51,3),(202,'27698','com.pp.assistant',51,3),(203,'27714','com.pp.assistant',51,3),(204,'27722','com.pp.assistant',51,3),(205,'27758','com.pp.assistant',51,3),(206,'27822','com.pp.assistant',51,3),(207,'27886','com.pp.assistant',51,3),(208,'19062','com.pp.assistant',51,4),(209,'32065','com.pp.assistant',51,4),(210,'34611','com.pp.assistant',51,4),(211,'34130','com.pp.assistant',51,4),(212,'35378','com.pp.assistant',51,4),(213,'37278','com.pp.assistant',51,4),(214,'37630','com.pp.assistant',51,4),(215,'39514','com.pp.assistant',51,4),(216,'38530','com.pp.assistant',51,4),(217,'42241','com.pp.assistant',51,4),(218,'45141','com.pp.assistant',51,4),(219,'45193','com.pp.assistant',51,4),(220,'45268','com.pp.assistant',51,4),(221,'45300','com.pp.assistant',51,4),(222,'45316','com.pp.assistant',51,4),(223,'45328','com.pp.assistant',51,4),(224,'45332','com.pp.assistant',51,4),(225,'45336','com.pp.assistant',51,4),(226,'45348','com.pp.assistant',51,4),(227,'45352','com.pp.assistant',51,4),(228,'15123','com.pp.assistant',51,5),(229,'27248','com.pp.assistant',51,5),(230,'28430','com.pp.assistant',51,5),(231,'27486','com.pp.assistant',51,5),(232,'28682','com.pp.assistant',51,5),(233,'27294','com.pp.assistant',51,5),(234,'28562','com.pp.assistant',51,5),(235,'27314','com.pp.assistant',51,5),(236,'28758','com.pp.assistant',51,5),(237,'27154','com.pp.assistant',51,5),(238,'31940','com.pp.assistant',51,5),(239,'32400','com.pp.assistant',51,5),(240,'32431','com.pp.assistant',51,5),(241,'32479','com.pp.assistant',51,5),(242,'32499','com.pp.assistant',51,5),(243,'32511','com.pp.assistant',51,5),(244,'32519','com.pp.assistant',51,5),(245,'32527','com.pp.assistant',51,5),(246,'37732','com.pp.assistant',51,5),(247,'37744','com.pp.assistant',51,5),(248,'37768','com.pp.assistant',51,5),(249,'37876','com.pp.assistant',51,5),(250,'37880','com.pp.assistant',51,5),(251,'37888','com.pp.assistant',51,5),(252,'38284','com.pp.assistant',51,5),(253,'38288','com.pp.assistant',51,5),(254,'38288','com.pp.assistant',51,5),(255,'38292','com.pp.assistant',51,5),(256,'38296','com.pp.assistant',51,5),(257,'38296','com.pp.assistant',51,5),(258,'38296','com.pp.assistant',51,5),(259,'38300','com.pp.assistant',51,5),(260,'38312','com.pp.assistant',51,5),(261,'38316','com.pp.assistant',51,5),(262,'38336','com.pp.assistant',51,5),(263,'38544','com.pp.assistant',51,5),(264,'38344','com.pp.assistant',51,5),(265,'38340','com.pp.assistant',51,5),(266,'36512','com.pp.assistant',51,5),(267,'17367','com.pp.assistant',51,6),(268,'32146','com.pp.assistant',51,6),(269,'34376','com.pp.assistant',51,6),(270,'36289','com.pp.assistant',51,6),(271,'36194','com.pp.assistant',51,6),(272,'37654','com.pp.assistant',51,6),(273,'36394','com.pp.assistant',51,6),(274,'37298','com.pp.assistant',51,6),(275,'37363','com.pp.assistant',51,6),(276,'37375','com.pp.assistant',51,6),(277,'37395','com.pp.assistant',51,6),(278,'37443','com.pp.assistant',51,6),(279,'37531','com.pp.assistant',51,6),(280,'37715','com.pp.assistant',51,6),(281,'37903','com.pp.assistant',51,6),(282,'38207','com.pp.assistant',51,6),(283,'38419','com.pp.assistant',51,6),(284,'38631','com.pp.assistant',51,6),(285,'38763','com.pp.assistant',51,6),(286,'38891','com.pp.assistant',51,6),(287,'39027','com.pp.assistant',51,6),(288,'39155','com.pp.assistant',51,6),(289,'39375','com.pp.assistant',51,6),(290,'39511','com.pp.assistant',51,6),(291,'39723','com.pp.assistant',51,6),(292,'39855','com.pp.assistant',51,6),(293,'39987','com.pp.assistant',51,6),(294,'40123','com.pp.assistant',51,6),(295,'40559','com.pp.assistant',51,6),(296,'37711','com.pp.assistant',51,6),(297,'37719','com.pp.assistant',51,6),(298,'37731','com.pp.assistant',51,6),(299,'37739','com.pp.assistant',51,6),(300,'37747','com.pp.assistant',51,6),(301,'37755','com.pp.assistant',51,6),(302,'37791','com.pp.assistant',51,6),(303,'37859','com.pp.assistant',51,6),(304,'38003','com.pp.assistant',51,6),(305,'38171','com.pp.assistant',51,6),(306,'38343','com.pp.assistant',51,6),(307,'38463','com.pp.assistant',51,6),(308,'38663','com.pp.assistant',51,6),(309,'38863','com.pp.assistant',51,6),(310,'39063','com.pp.assistant',51,6),(311,'39267','com.pp.assistant',51,6),(312,'39467','com.pp.assistant',51,6),(313,'39683','com.pp.assistant',51,6),(314,'39887','com.pp.assistant',51,6),(315,'40095','com.pp.assistant',51,6),(316,'40307','com.pp.assistant',51,6),(317,'40531','com.pp.assistant',51,6),(318,'40743','com.pp.assistant',51,6),(319,'40975','com.pp.assistant',51,6),(320,'41195','com.pp.assistant',51,6),(321,'41411','com.pp.assistant',51,6),(322,'41635','com.pp.assistant',51,6),(323,'41864','com.pp.assistant',51,6),(324,'42008','com.pp.assistant',51,6),(325,'42228','com.pp.assistant',51,6),(326,'42368','com.pp.assistant',51,6),(327,'42500','com.pp.assistant',51,6),(328,'38132','com.pp.assistant',51,6),(329,'38140','com.pp.assistant',51,6),(330,'38148','com.pp.assistant',51,6),(331,'38156','com.pp.assistant',51,6),(332,'38168','com.pp.assistant',51,6),(333,'38176','com.pp.assistant',51,6),(334,'38184','com.pp.assistant',51,6),(335,'38192','com.pp.assistant',51,6),(336,'38212','com.pp.assistant',51,6),(337,'38300','com.pp.assistant',51,6),(338,'38380','com.pp.assistant',51,6),(339,'38464','com.pp.assistant',51,6),(340,'38620','com.pp.assistant',51,6),(341,'38724','com.pp.assistant',51,6),(342,'38832','com.pp.assistant',51,6),(343,'39024','com.pp.assistant',51,6),(344,'39140','com.pp.assistant',51,6),(345,'39260','com.pp.assistant',51,6),(346,'39384','com.pp.assistant',51,6),(347,'39576','com.pp.assistant',51,6),(348,'39700','com.pp.assistant',51,6),(349,'39840','com.pp.assistant',51,6),(350,'39964','com.pp.assistant',51,6),(351,'40176','com.pp.assistant',51,6),(352,'40372','com.pp.assistant',51,6),(353,'40564','com.pp.assistant',51,6),(354,'40772','com.pp.assistant',51,6),(355,'40972','com.pp.assistant',51,6),(356,'41172','com.pp.assistant',51,6),(357,'41384','com.pp.assistant',51,6),(358,'41592','com.pp.assistant',51,6),(359,'41796','com.pp.assistant',51,6),(360,'42016','com.pp.assistant',51,6),(361,'42229','com.pp.assistant',51,6),(362,'42357','com.pp.assistant',51,6),(363,'42485','com.pp.assistant',51,6),(364,'42609','com.pp.assistant',51,6),(365,'42609','com.pp.assistant',51,6),(366,'38305','com.pp.assistant',51,6),(367,'38313','com.pp.assistant',51,6),(368,'38321','com.pp.assistant',51,6),(369,'38329','com.pp.assistant',51,6),(370,'38337','com.pp.assistant',51,6),(371,'38345','com.pp.assistant',51,6),(372,'38389','com.pp.assistant',51,6),(373,'38445','com.pp.assistant',51,6),(374,'38509','com.pp.assistant',51,6),(375,'38585','com.pp.assistant',51,6),(376,'38669','com.pp.assistant',51,6),(377,'38769','com.pp.assistant',51,6),(378,'38929','com.pp.assistant',51,6),(379,'39033','com.pp.assistant',51,6),(380,'39145','com.pp.assistant',51,6),(381,'39265','com.pp.assistant',51,6),(382,'39461','com.pp.assistant',51,6),(383,'39581','com.pp.assistant',51,6),(384,'39782','com.pp.assistant',51,6),(385,'39970','com.pp.assistant',51,6),(386,'40098','com.pp.assistant',51,6),(387,'40314','com.pp.assistant',51,6),(388,'40510','com.pp.assistant',51,6),(389,'40794','com.pp.assistant',51,6),(390,'15807','com.pp.assistant',51,0),(391,'32292','com.pp.assistant',51,0),(392,'34368','com.pp.assistant',51,0),(393,'36285','com.pp.assistant',51,0),(394,'36158','com.pp.assistant',51,0),(395,'37578','com.pp.assistant',51,0),(396,'36386','com.pp.assistant',51,0),(397,'37294','com.pp.assistant',51,0),(398,'37359','com.pp.assistant',51,0),(399,'37367','com.pp.assistant',51,0),(400,'37387','com.pp.assistant',51,0),(401,'37419','com.pp.assistant',51,0),(402,'37483','com.pp.assistant',51,0),(403,'37663','com.pp.assistant',51,0),(404,'37851','com.pp.assistant',51,0),(405,'38151','com.pp.assistant',51,0),(406,'38363','com.pp.assistant',51,0),(407,'38571','com.pp.assistant',51,0),(408,'38707','com.pp.assistant',51,0),(409,'38835','com.pp.assistant',51,0),(410,'38967','com.pp.assistant',51,0),(411,'39095','com.pp.assistant',51,0),(412,'39319','com.pp.assistant',51,0),(413,'39451','com.pp.assistant',51,0),(414,'39659','com.pp.assistant',51,0),(415,'39795','com.pp.assistant',51,0),(416,'39927','com.pp.assistant',51,0),(417,'40059','com.pp.assistant',51,0),(418,'40207','com.pp.assistant',51,0),(419,'40283','com.pp.assistant',51,0),(420,'37715','com.pp.assistant',51,0),(421,'37723','com.pp.assistant',51,0),(422,'37735','com.pp.assistant',51,0),(423,'37743','com.pp.assistant',51,0),(424,'37751','com.pp.assistant',51,0),(425,'37767','com.pp.assistant',51,0),(426,'37831','com.pp.assistant',51,0),(427,'37955','com.pp.assistant',51,0),(428,'38123','com.pp.assistant',51,0),(429,'38283','com.pp.assistant',51,0),(430,'38403','com.pp.assistant',51,0),(431,'38603','com.pp.assistant',51,0),(432,'38795','com.pp.assistant',51,0),(433,'38991','com.pp.assistant',51,0),(434,'39207','com.pp.assistant',51,0),(435,'39411','com.pp.assistant',51,0),(436,'39619','com.pp.assistant',51,0),(437,'39827','com.pp.assistant',51,0),(438,'40035','com.pp.assistant',51,0),(439,'40247','com.pp.assistant',51,0),(440,'40471','com.pp.assistant',51,0),(441,'40683','com.pp.assistant',51,0),(442,'40911','com.pp.assistant',51,0),(443,'41135','com.pp.assistant',51,0),(444,'41351','com.pp.assistant',51,0),(445,'41575','com.pp.assistant',51,0),(446,'41804','com.pp.assistant',51,0),(447,'41948','com.pp.assistant',51,0),(448,'42168','com.pp.assistant',51,0),(449,'42308','com.pp.assistant',51,0),(450,'42440','com.pp.assistant',51,0),(451,'42560','com.pp.assistant',51,0),(452,'38136','com.pp.assistant',51,0),(453,'38144','com.pp.assistant',51,0),(454,'38152','com.pp.assistant',51,0),(455,'38164','com.pp.assistant',51,0),(456,'38172','com.pp.assistant',51,0),(457,'38180','com.pp.assistant',51,0),(458,'38188','com.pp.assistant',51,0),(459,'38196','com.pp.assistant',51,0),(460,'38272','com.pp.assistant',51,0),(461,'38336','com.pp.assistant',51,0),(462,'38416','com.pp.assistant',51,0),(463,'38568','com.pp.assistant',51,0),(464,'38676','com.pp.assistant',51,0),(465,'38784','com.pp.assistant',51,0),(466,'38968','com.pp.assistant',51,0),(467,'39088','com.pp.assistant',51,0),(468,'39204','com.pp.assistant',51,0),(469,'39324','com.pp.assistant',51,0),(470,'39528','com.pp.assistant',51,0),(471,'39648','com.pp.assistant',51,0),(472,'39768','com.pp.assistant',51,0),(473,'39904','com.pp.assistant',51,0),(474,'40104','com.pp.assistant',51,0),(475,'40316','com.pp.assistant',51,0),(476,'40508','com.pp.assistant',51,0),(477,'40708','com.pp.assistant',51,0),(478,'40912','com.pp.assistant',51,0),(479,'41116','com.pp.assistant',51,0),(480,'41324','com.pp.assistant',51,0),(481,'41532','com.pp.assistant',51,0),(482,'41740','com.pp.assistant',51,0),(483,'41956','com.pp.assistant',51,0),(484,'42169','com.pp.assistant',51,0),(485,'42301','com.pp.assistant',51,0),(486,'42429','com.pp.assistant',51,0),(487,'42557','com.pp.assistant',51,0),(488,'42609','com.pp.assistant',51,0),(489,'38297','com.pp.assistant',51,0),(490,'38309','com.pp.assistant',51,0),(491,'38317','com.pp.assistant',51,0),(492,'38325','com.pp.assistant',51,0),(493,'38333','com.pp.assistant',51,0),(494,'38341','com.pp.assistant',51,0),(495,'38365','com.pp.assistant',51,0),(496,'38413','com.pp.assistant',51,0),(497,'38481','com.pp.assistant',51,0),(498,'38549','com.pp.assistant',51,0),(499,'38629','com.pp.assistant',51,0),(500,'38721','com.pp.assistant',51,0),(501,'38889','com.pp.assistant',51,0),(502,'38981','com.pp.assistant',51,0),(503,'39101','com.pp.assistant',51,0),(504,'39209','com.pp.assistant',51,0),(505,'39397','com.pp.assistant',51,0),(506,'39529','com.pp.assistant',51,0),(507,'39726','com.pp.assistant',51,0),(508,'39914','com.pp.assistant',51,0),(509,'40038','com.pp.assistant',51,0),(510,'40238','com.pp.assistant',51,0),(511,'40438','com.pp.assistant',51,0),(512,'40734','com.pp.assistant',51,0),(513,'18895','com.pp.assistant',51,0),(514,'28437','com.pp.assistant',51,0),(515,'33365','com.pp.assistant',51,0),(516,'34545','com.pp.assistant',51,0),(517,'34224','com.pp.assistant',51,0),(518,'36240','com.pp.assistant',51,0),(519,'37604','com.pp.assistant',51,0),(520,'38172','com.pp.assistant',51,0),(521,'39552','com.pp.assistant',51,0),(522,'37164','com.pp.assistant',51,0),(523,'39300','com.pp.assistant',51,0),(524,'40424','com.pp.assistant',51,0),(525,'18570','com.pp.assistant',51,0),(526,'32123','com.pp.assistant',51,0),(527,'34177','com.pp.assistant',51,0),(528,'34140','com.pp.assistant',51,0),(529,'36344','com.pp.assistant',51,0),(530,'36324','com.pp.assistant',51,0),(531,'38264','com.pp.assistant',51,0),(532,'38452','com.pp.assistant',51,0),(533,'39768','com.pp.assistant',51,0),(534,'42805','com.pp.assistant',51,0),(535,'43501','com.pp.assistant',51,0),(536,'44313','com.pp.assistant',51,0),(537,'46133','com.pp.assistant',51,0),(538,'46269','com.pp.assistant',51,0),(539,'46313','com.pp.assistant',51,0),(540,'46797','com.pp.assistant',51,0),(541,'44069','com.pp.assistant',51,0),(542,'44077','com.pp.assistant',51,0),(543,'44085','com.pp.assistant',51,0),(544,'44097','com.pp.assistant',51,0),(545,'44105','com.pp.assistant',51,0),(546,'44113','com.pp.assistant',51,0),(547,'44121','com.pp.assistant',51,0),(548,'44189','com.pp.assistant',51,0),(549,'44197','com.pp.assistant',51,0),(550,'44205','com.pp.assistant',51,0),(551,'44213','com.pp.assistant',51,0),(552,'44225','com.pp.assistant',51,0),(553,'44237','com.pp.assistant',51,0),(554,'44245','com.pp.assistant',51,0),(555,'44257','com.pp.assistant',51,0),(556,'44273','com.pp.assistant',51,0),(557,'44293','com.pp.assistant',51,0),(558,'44301','com.pp.assistant',51,0),(559,'44313','com.pp.assistant',51,0),(560,'44329','com.pp.assistant',51,0),(561,'44341','com.pp.assistant',51,0),(562,'44365','com.pp.assistant',51,0),(563,'44401','com.pp.assistant',51,0),(564,'44441','com.pp.assistant',51,0),(565,'44489','com.pp.assistant',51,0),(566,'44569','com.pp.assistant',51,0),(567,'44621','com.pp.assistant',51,0),(568,'44713','com.pp.assistant',51,0),(569,'44789','com.pp.assistant',51,0),(570,'44877','com.pp.assistant',51,0),(571,'44973','com.pp.assistant',51,0),(572,'45061','com.pp.assistant',51,0),(573,'45153','com.pp.assistant',51,0),(574,'45237','com.pp.assistant',51,0),(575,'45333','com.pp.assistant',51,0),(576,'45429','com.pp.assistant',51,0),(577,'45529','com.pp.assistant',51,0),(578,'45625','com.pp.assistant',51,0),(579,'45737','com.pp.assistant',51,0),(580,'45833','com.pp.assistant',51,0),(581,'45937','com.pp.assistant',51,0),(582,'46045','com.pp.assistant',51,0),(583,'46161','com.pp.assistant',51,0),(584,'46269','com.pp.assistant',51,0),(585,'46325','com.pp.assistant',51,0),(586,'43753','com.pp.assistant',51,0),(587,'43761','com.pp.assistant',51,0),(588,'43769','com.pp.assistant',51,0),(589,'43777','com.pp.assistant',51,0),(590,'43785','com.pp.assistant',51,0),(591,'43793','com.pp.assistant',51,0),(592,'43801','com.pp.assistant',51,0),(593,'43809','com.pp.assistant',51,0),(594,'43821','com.pp.assistant',51,0),(595,'43829','com.pp.assistant',51,0),(596,'43837','com.pp.assistant',51,0),(597,'43845','com.pp.assistant',51,0),(598,'43853','com.pp.assistant',51,0),(599,'43861','com.pp.assistant',51,0),(600,'43869','com.pp.assistant',51,0),(601,'43877','com.pp.assistant',51,0),(602,'43885','com.pp.assistant',51,0),(603,'43893','com.pp.assistant',51,0),(604,'43901','com.pp.assistant',51,0),(605,'43909','com.pp.assistant',51,0),(606,'43921','com.pp.assistant',51,0),(607,'43929','com.pp.assistant',51,0),(608,'43937','com.pp.assistant',51,0),(609,'43945','com.pp.assistant',51,0),(610,'43953','com.pp.assistant',51,0),(611,'43969','com.pp.assistant',51,0),(612,'44005','com.pp.assistant',51,0),(613,'44029','com.pp.assistant',51,0),(614,'44069','com.pp.assistant',51,0),(615,'44121','com.pp.assistant',51,0),(616,'44169','com.pp.assistant',51,0),(617,'44221','com.pp.assistant',51,0),(618,'44281','com.pp.assistant',51,0),(619,'44349','com.pp.assistant',51,0),(620,'44413','com.pp.assistant',51,0),(621,'44493','com.pp.assistant',51,0),(622,'44573','com.pp.assistant',51,0),(623,'44653','com.pp.assistant',51,0),(624,'44801','com.pp.assistant',51,0),(625,'44877','com.pp.assistant',51,0),(626,'44969','com.pp.assistant',51,0),(627,'45061','com.pp.assistant',51,0),(628,'45149','com.pp.assistant',51,0),(629,'45253','com.pp.assistant',51,0),(630,'45345','com.pp.assistant',51,0),(631,'45445','com.pp.assistant',51,0),(632,'45549','com.pp.assistant',51,0),(633,'45653','com.pp.assistant',51,0),(634,'45749','com.pp.assistant',51,0),(635,'46145','com.pp.assistant',51,0),(636,'45865','com.pp.assistant',51,0),(637,'43313','com.pp.assistant',51,0),(638,'43321','com.pp.assistant',51,0),(639,'43329','com.pp.assistant',51,0),(640,'43337','com.pp.assistant',51,0),(641,'43345','com.pp.assistant',51,0),(642,'43353','com.pp.assistant',51,0),(643,'43361','com.pp.assistant',51,0),(644,'43373','com.pp.assistant',51,0),(645,'43385','com.pp.assistant',51,0),(646,'43393','com.pp.assistant',51,0),(647,'43401','com.pp.assistant',51,0),(648,'43409','com.pp.assistant',51,0),(649,'43417','com.pp.assistant',51,0),(650,'43425','com.pp.assistant',51,0),(651,'43433','com.pp.assistant',51,0),(652,'43445','com.pp.assistant',51,0),(653,'43453','com.pp.assistant',51,0),(654,'43465','com.pp.assistant',51,0),(655,'43473','com.pp.assistant',51,0),(656,'14572','com.pp.assistant',51,0),(657,'32020','com.pp.assistant',51,0),(658,'34662','com.pp.assistant',51,0),(659,'34177','com.pp.assistant',51,0),(660,'35317','com.pp.assistant',51,0),(661,'37258','com.pp.assistant',51,0),(662,'27318','com.pp.assistant',51,0),(663,'27434','com.pp.assistant',51,0),(664,'27442','com.pp.assistant',51,0),(665,'27450','com.pp.assistant',51,0),(666,'27462','com.pp.assistant',51,0),(667,'27474','com.pp.assistant',51,0),(668,'27490','com.pp.assistant',51,0),(669,'27506','com.pp.assistant',51,0),(670,'27514','com.pp.assistant',51,0),(671,'27534','com.pp.assistant',51,0),(672,'27554','com.pp.assistant',51,0),(673,'27590','com.pp.assistant',51,0),(674,'27658','com.pp.assistant',51,0),(675,'27758','com.pp.assistant',51,0),(676,'27854','com.pp.assistant',51,0),(677,'27966','com.pp.assistant',51,0),(678,'28074','com.pp.assistant',51,0),(679,'28182','com.pp.assistant',51,0),(680,'28302','com.pp.assistant',51,0),(681,'28410','com.pp.assistant',51,0),(682,'28530','com.pp.assistant',51,0),(683,'28594','com.pp.assistant',51,0),(684,'27550','com.pp.assistant',51,0),(685,'27634','com.pp.assistant',51,0),(686,'27730','com.pp.assistant',51,0),(687,'27758','com.pp.assistant',51,0),(688,'27766','com.pp.assistant',51,0),(689,'27774','com.pp.assistant',51,0),(690,'27786','com.pp.assistant',51,0),(691,'27794','com.pp.assistant',51,0),(692,'27802','com.pp.assistant',51,0),(693,'27810','com.pp.assistant',51,0),(694,'27822','com.pp.assistant',51,0),(695,'27830','com.pp.assistant',51,0),(696,'27838','com.pp.assistant',51,0),(697,'27878','com.pp.assistant',51,0),(698,'27946','com.pp.assistant',51,0),(699,'28022','com.pp.assistant',51,0),(700,'28114','com.pp.assistant',51,0),(701,'28210','com.pp.assistant',51,0),(702,'28310','com.pp.assistant',51,0),(703,'28414','com.pp.assistant',51,0),(704,'28530','com.pp.assistant',51,0),(705,'28626','com.pp.assistant',51,0),(706,'27590','com.pp.assistant',51,0),(707,'27630','com.pp.assistant',51,0),(708,'27638','com.pp.assistant',51,0),(709,'27650','com.pp.assistant',51,0),(710,'27662','com.pp.assistant',51,0),(711,'27670','com.pp.assistant',51,0),(712,'27678','com.pp.assistant',51,0),(713,'27686','com.pp.assistant',51,0),(714,'27694','com.pp.assistant',51,0),(715,'27706','com.pp.assistant',51,0),(716,'27718','com.pp.assistant',51,0),(717,'27730','com.pp.assistant',51,0),(718,'27790','com.pp.assistant',51,0),(719,'27858','com.pp.assistant',51,0),(720,'17992','com.pp.assistant',51,0),(721,'32061','com.pp.assistant',51,0),(722,'34607','com.pp.assistant',51,0),(723,'34130','com.pp.assistant',51,0),(724,'35310','com.pp.assistant',51,0),(725,'37270','com.pp.assistant',51,0),(726,'37290','com.pp.assistant',51,0),(727,'39514','com.pp.assistant',51,0),(728,'38190','com.pp.assistant',51,0),(729,'42241','com.pp.assistant',51,0),(730,'45141','com.pp.assistant',51,0),(731,'45193','com.pp.assistant',51,0),(732,'45268','com.pp.assistant',51,0),(733,'45300','com.pp.assistant',51,0),(734,'45316','com.pp.assistant',51,0),(735,'45324','com.pp.assistant',51,0),(736,'45332','com.pp.assistant',51,0),(737,'45336','com.pp.assistant',51,0),(738,'45344','com.pp.assistant',51,0),(739,'45352','com.pp.assistant',51,0),(740,'13687','com.pp.assistant',51,0),(741,'27132','com.pp.assistant',51,0),(742,'28426','com.pp.assistant',51,0),(743,'27426','com.pp.assistant',51,0),(744,'28674','com.pp.assistant',51,0),(745,'27194','com.pp.assistant',51,0),(746,'28510','com.pp.assistant',51,0),(747,'28726','com.pp.assistant',51,0),(748,'28758','com.pp.assistant',51,0),(749,'27098','com.pp.assistant',51,0),(750,'31936','com.pp.assistant',51,0),(751,'32400','com.pp.assistant',51,0),(752,'32431','com.pp.assistant',51,0),(753,'32479','com.pp.assistant',51,0),(754,'32495','com.pp.assistant',51,0),(755,'32511','com.pp.assistant',51,0),(756,'32519','com.pp.assistant',51,0),(757,'32523','com.pp.assistant',51,0),(758,'37728','com.pp.assistant',51,0),(759,'37740','com.pp.assistant',51,0),(760,'37764','com.pp.assistant',51,0),(761,'37876','com.pp.assistant',51,0),(762,'37880','com.pp.assistant',51,0),(763,'37888','com.pp.assistant',51,0),(764,'38284','com.pp.assistant',51,0),(765,'38288','com.pp.assistant',51,0),(766,'38288','com.pp.assistant',51,0),(767,'38292','com.pp.assistant',51,0),(768,'38292','com.pp.assistant',51,0),(769,'38292','com.pp.assistant',51,0),(770,'38296','com.pp.assistant',51,0),(771,'38300','com.pp.assistant',51,0),(772,'38308','com.pp.assistant',51,0),(773,'38588','com.pp.assistant',51,0),(774,'38336','com.pp.assistant',51,0),(775,'38336','com.pp.assistant',51,0),(776,'38340','com.pp.assistant',51,0),(777,'38340','com.pp.assistant',51,0),(778,'36472','com.pp.assistant',51,0),(779,'16404','com.pp.assistant',68,1),(780,'33524','com.pp.assistant',68,1),(781,'35513','com.pp.assistant',68,1),(782,'35324','com.pp.assistant',68,1),(783,'37480','com.pp.assistant',68,1),(784,'37220','com.pp.assistant',68,1),(785,'38456','com.pp.assistant',68,1),(786,'39560','com.pp.assistant',68,1),(787,'35980','com.pp.assistant',68,1),(788,'37717','com.pp.assistant',68,1),(789,'39573','com.pp.assistant',68,1),(790,'39801','com.pp.assistant',68,1),(791,'17436','com.pp.assistant',68,2),(792,'33012','com.pp.assistant',68,2),(793,'35968','com.pp.assistant',68,2),(794,'36880','com.pp.assistant',68,2),(795,'36531','com.pp.assistant',68,2),(796,'38764','com.pp.assistant',68,2),(797,'37364','com.pp.assistant',68,2),(798,'38864','com.pp.assistant',68,2),(799,'40468','com.pp.assistant',68,2),(800,'41096','com.pp.assistant',68,2),(801,'43543','com.pp.assistant',68,2),(802,'43887','com.pp.assistant',68,2),(803,'44438','com.pp.assistant',68,2),(804,'47050','com.pp.assistant',68,2),(805,'47526','com.pp.assistant',68,2),(806,'47202','com.pp.assistant',68,2),(807,'47410','com.pp.assistant',68,2),(808,'45879','com.pp.assistant',68,2),(809,'45895','com.pp.assistant',68,2),(810,'45903','com.pp.assistant',68,2),(811,'45911','com.pp.assistant',68,2),(812,'45919','com.pp.assistant',68,2),(813,'45931','com.pp.assistant',68,2),(814,'45947','com.pp.assistant',68,2),(815,'45975','com.pp.assistant',68,2),(816,'45999','com.pp.assistant',68,2),(817,'46043','com.pp.assistant',68,2),(818,'46083','com.pp.assistant',68,2),(819,'46119','com.pp.assistant',68,2),(820,'46203','com.pp.assistant',68,2),(821,'46251','com.pp.assistant',68,2),(822,'46303','com.pp.assistant',68,2),(823,'46359','com.pp.assistant',68,2),(824,'46443','com.pp.assistant',68,2),(825,'46527','com.pp.assistant',68,2),(826,'46667','com.pp.assistant',68,2),(827,'46747','com.pp.assistant',68,2),(828,'46839','com.pp.assistant',68,2),(829,'46923','com.pp.assistant',68,2),(830,'47031','com.pp.assistant',68,2),(831,'47131','com.pp.assistant',68,2),(832,'47219','com.pp.assistant',68,2),(833,'44531','com.pp.assistant',68,2),(834,'44539','com.pp.assistant',68,2),(835,'44547','com.pp.assistant',68,2),(836,'44555','com.pp.assistant',68,2),(837,'44567','com.pp.assistant',68,2),(838,'44575','com.pp.assistant',68,2),(839,'44583','com.pp.assistant',68,2),(840,'44591','com.pp.assistant',68,2),(841,'44599','com.pp.assistant',68,2),(842,'44607','com.pp.assistant',68,2),(843,'44615','com.pp.assistant',68,2),(844,'44627','com.pp.assistant',68,2),(845,'44635','com.pp.assistant',68,2),(846,'44643','com.pp.assistant',68,2),(847,'44651','com.pp.assistant',68,2),(848,'44663','com.pp.assistant',68,2),(849,'44671','com.pp.assistant',68,2),(850,'44679','com.pp.assistant',68,2),(851,'44687','com.pp.assistant',68,2),(852,'44699','com.pp.assistant',68,2),(853,'44727','com.pp.assistant',68,2),(854,'44739','com.pp.assistant',68,2),(855,'44767','com.pp.assistant',68,2),(856,'44795','com.pp.assistant',68,2),(857,'44827','com.pp.assistant',68,2),(858,'44871','com.pp.assistant',68,2),(859,'44931','com.pp.assistant',68,2),(860,'44983','com.pp.assistant',68,2),(861,'45055','com.pp.assistant',68,2),(862,'45179','com.pp.assistant',68,2),(863,'45259','com.pp.assistant',68,2),(864,'45327','com.pp.assistant',68,2),(865,'45407','com.pp.assistant',68,2),(866,'45499','com.pp.assistant',68,2),(867,'45591','com.pp.assistant',68,2),(868,'45671','com.pp.assistant',68,2),(869,'45759','com.pp.assistant',68,2),(870,'45855','com.pp.assistant',68,2),(871,'45951','com.pp.assistant',68,2),(872,'46043','com.pp.assistant',68,2),(873,'46147','com.pp.assistant',68,2),(874,'46307','com.pp.assistant',68,2),(875,'46415','com.pp.assistant',68,2),(876,'46515','com.pp.assistant',68,2),(877,'46615','com.pp.assistant',68,2),(878,'46715','com.pp.assistant',68,2),(879,'46903','com.pp.assistant',68,2),(880,'47019','com.pp.assistant',68,2),(881,'47079','com.pp.assistant',68,2),(882,'43347','com.pp.assistant',68,2),(883,'43359','com.pp.assistant',68,2),(884,'43367','com.pp.assistant',68,2),(885,'43375','com.pp.assistant',68,2),(886,'43383','com.pp.assistant',68,2),(887,'43391','com.pp.assistant',68,2),(888,'43399','com.pp.assistant',68,2),(889,'43407','com.pp.assistant',68,2),(890,'43415','com.pp.assistant',68,2),(891,'43423','com.pp.assistant',68,2),(892,'43431','com.pp.assistant',68,2),(893,'43439','com.pp.assistant',68,2),(894,'43451','com.pp.assistant',68,2),(895,'43459','com.pp.assistant',68,2),(896,'43467','com.pp.assistant',68,2),(897,'43487','com.pp.assistant',68,2),(898,'43507','com.pp.assistant',68,2),(899,'43523','com.pp.assistant',68,2),(900,'43571','com.pp.assistant',68,2),(901,'43623','com.pp.assistant',68,2),(902,'43683','com.pp.assistant',68,2),(903,'43751','com.pp.assistant',68,2),(904,'43835','com.pp.assistant',68,2),(905,'43915','com.pp.assistant',68,2),(906,'43999','com.pp.assistant',68,2),(907,'44091','com.pp.assistant',68,2),(908,'44175','com.pp.assistant',68,2),(909,'44275','com.pp.assistant',68,2),(910,'44371','com.pp.assistant',68,2),(911,'44463','com.pp.assistant',68,2),(912,'44551','com.pp.assistant',68,2),(913,'44643','com.pp.assistant',68,2),(914,'44743','com.pp.assistant',68,2),(915,'44839','com.pp.assistant',68,2),(916,'44931','com.pp.assistant',68,2),(917,'45031','com.pp.assistant',68,2),(918,'45135','com.pp.assistant',68,2),(919,'45231','com.pp.assistant',68,2),(920,'45335','com.pp.assistant',68,2),(921,'45439','com.pp.assistant',68,2),(922,'45543','com.pp.assistant',68,2),(923,'45651','com.pp.assistant',68,2),(924,'45751','com.pp.assistant',68,2),(925,'19697','com.pp.assistant',68,3),(926,'33612','com.pp.assistant',68,3),(927,'35420','com.pp.assistant',68,3),(928,'35296','com.pp.assistant',68,3),(929,'37376','com.pp.assistant',68,3),(930,'36701','com.pp.assistant',68,3),(931,'27977','com.pp.assistant',68,3),(932,'27989','com.pp.assistant',68,3),(933,'28001','com.pp.assistant',68,3),(934,'28017','com.pp.assistant',68,3),(935,'28033','com.pp.assistant',68,3),(936,'28049','com.pp.assistant',68,3),(937,'28065','com.pp.assistant',68,3),(938,'28081','com.pp.assistant',68,3),(939,'28097','com.pp.assistant',68,3),(940,'28113','com.pp.assistant',68,3),(941,'28129','com.pp.assistant',68,3),(942,'28145','com.pp.assistant',68,3),(943,'28197','com.pp.assistant',68,3),(944,'28297','com.pp.assistant',68,3),(945,'28409','com.pp.assistant',68,3),(946,'28521','com.pp.assistant',68,3),(947,'28637','com.pp.assistant',68,3),(948,'28757','com.pp.assistant',68,3),(949,'28873','com.pp.assistant',68,3),(950,'28993','com.pp.assistant',68,3),(951,'29113','com.pp.assistant',68,3),(952,'29197','com.pp.assistant',68,3),(953,'28141','com.pp.assistant',68,3),(954,'28225','com.pp.assistant',68,3),(955,'28289','com.pp.assistant',68,3),(956,'28301','com.pp.assistant',68,3),(957,'28309','com.pp.assistant',68,3),(958,'28317','com.pp.assistant',68,3),(959,'28325','com.pp.assistant',68,3),(960,'28333','com.pp.assistant',68,3),(961,'28349','com.pp.assistant',68,3),(962,'28373','com.pp.assistant',68,3),(963,'28381','com.pp.assistant',68,3),(964,'28389','com.pp.assistant',68,3),(965,'28405','com.pp.assistant',68,3),(966,'28421','com.pp.assistant',68,3),(967,'28473','com.pp.assistant',68,3),(968,'28561','com.pp.assistant',68,3),(969,'28657','com.pp.assistant',68,3),(970,'28757','com.pp.assistant',68,3),(971,'28869','com.pp.assistant',68,3),(972,'28977','com.pp.assistant',68,3),(973,'29085','com.pp.assistant',68,3),(974,'29129','com.pp.assistant',68,3),(975,'28229','com.pp.assistant',68,3),(976,'28245','com.pp.assistant',68,3),(977,'28257','com.pp.assistant',68,3),(978,'28265','com.pp.assistant',68,3),(979,'28273','com.pp.assistant',68,3),(980,'28281','com.pp.assistant',68,3),(981,'28289','com.pp.assistant',68,3),(982,'28301','com.pp.assistant',68,3),(983,'28309','com.pp.assistant',68,3),(984,'28317','com.pp.assistant',68,3),(985,'28329','com.pp.assistant',68,3),(986,'28341','com.pp.assistant',68,3),(987,'28357','com.pp.assistant',68,3),(988,'28409','com.pp.assistant',68,3),(989,'28485','com.pp.assistant',68,3),(990,'28589','com.pp.assistant',68,3),(991,'14421','com.pp.assistant',68,4),(992,'30896','com.pp.assistant',68,4),(993,'36196','com.pp.assistant',68,4),(994,'36212','com.pp.assistant',68,4),(995,'36103','com.pp.assistant',68,4),(996,'38540','com.pp.assistant',68,4),(997,'37184','com.pp.assistant',68,4),(998,'38496','com.pp.assistant',68,4),(999,'40064','com.pp.assistant',68,4),(1000,'40984','com.pp.assistant',68,4),(1001,'42449','com.pp.assistant',68,4),(1002,'42709','com.pp.assistant',68,4),(1003,'42729','com.pp.assistant',68,4),(1004,'42745','com.pp.assistant',68,4),(1005,'42757','com.pp.assistant',68,4),(1006,'42833','com.pp.assistant',68,4),(1007,'42837','com.pp.assistant',68,4),(1008,'42849','com.pp.assistant',68,4),(1009,'42877','com.pp.assistant',68,4),(1010,'42889','com.pp.assistant',68,4),(1011,'42901','com.pp.assistant',68,4),(1012,'42905','com.pp.assistant',68,4),(1013,'42913','com.pp.assistant',68,4),(1014,'13037','com.pp.assistant',68,5),(1015,'31696','com.pp.assistant',68,5),(1016,'37443','com.pp.assistant',68,5),(1017,'35987','com.pp.assistant',68,5),(1018,'36179','com.pp.assistant',68,5),(1019,'38527','com.pp.assistant',68,5),(1020,'37239','com.pp.assistant',68,5),(1021,'38463','com.pp.assistant',68,5),(1022,'40055','com.pp.assistant',68,5),(1023,'41000','com.pp.assistant',68,5),(1024,'45736','com.pp.assistant',68,5),(1025,'45608','com.pp.assistant',68,5),(1026,'45648','com.pp.assistant',68,5),(1027,'45988','com.pp.assistant',68,5),(1028,'46000','com.pp.assistant',68,5),(1029,'46027','com.pp.assistant',68,5),(1030,'46031','com.pp.assistant',68,5),(1031,'46351','com.pp.assistant',68,5),(1032,'48589','com.pp.assistant',68,5),(1033,'48745','com.pp.assistant',68,5),(1034,'48829','com.pp.assistant',68,5),(1035,'49033','com.pp.assistant',68,5),(1036,'49805','com.pp.assistant',68,5),(1037,'49421','com.pp.assistant',68,5),(1038,'49429','com.pp.assistant',68,5),(1039,'49425','com.pp.assistant',68,5),(1040,'49437','com.pp.assistant',68,5),(1041,'49437','com.pp.assistant',68,5),(1042,'49441','com.pp.assistant',68,5),(1043,'49441','com.pp.assistant',68,5),(1044,'49449','com.pp.assistant',68,5),(1045,'49453','com.pp.assistant',68,5),(1046,'49457','com.pp.assistant',68,5),(1047,'49461','com.pp.assistant',68,5),(1048,'49465','com.pp.assistant',68,5),(1049,'49469','com.pp.assistant',68,5),(1050,'49469','com.pp.assistant',68,5),(1051,'46985','com.pp.assistant',68,5),(1052,'46989','com.pp.assistant',68,5),(1053,'15281','com.pp.assistant',68,6),(1054,'13754','com.pp.assistant',68,0),(1055,'14557','com.pp.assistant',68,0),(1056,'33491','com.pp.assistant',68,0),(1057,'35509','com.pp.assistant',68,0),(1058,'35268','com.pp.assistant',68,0),(1059,'37476','com.pp.assistant',68,0),(1060,'37168','com.pp.assistant',68,0),(1061,'38388','com.pp.assistant',68,0),(1062,'39560','com.pp.assistant',68,0),(1063,'35924','com.pp.assistant',68,0),(1064,'37300','com.pp.assistant',68,0),(1065,'39257','com.pp.assistant',68,0),(1066,'39801','com.pp.assistant',68,0),(1067,'14779','com.pp.assistant',68,0),(1068,'33004','com.pp.assistant',68,0),(1069,'35964','com.pp.assistant',68,0),(1070,'36876','com.pp.assistant',68,0),(1071,'36483','com.pp.assistant',68,0),(1072,'38736','com.pp.assistant',68,0),(1073,'37320','com.pp.assistant',68,0),(1074,'38804','com.pp.assistant',68,0),(1075,'40108','com.pp.assistant',68,0),(1076,'41096','com.pp.assistant',68,0),(1077,'43119','com.pp.assistant',68,0),(1078,'43887','com.pp.assistant',68,0),(1079,'44138','com.pp.assistant',68,0),(1080,'47050','com.pp.assistant',68,0),(1081,'47138','com.pp.assistant',68,0),(1082,'47202','com.pp.assistant',68,0),(1083,'47410','com.pp.assistant',68,0),(1084,'45875','com.pp.assistant',68,0),(1085,'45887','com.pp.assistant',68,0),(1086,'45899','com.pp.assistant',68,0),(1087,'45907','com.pp.assistant',68,0),(1088,'45915','com.pp.assistant',68,0),(1089,'45923','com.pp.assistant',68,0),(1090,'45943','com.pp.assistant',68,0),(1091,'45955','com.pp.assistant',68,0),(1092,'45987','com.pp.assistant',68,0),(1093,'46023','com.pp.assistant',68,0),(1094,'46063','com.pp.assistant',68,0),(1095,'46095','com.pp.assistant',68,0),(1096,'46167','com.pp.assistant',68,0),(1097,'46223','com.pp.assistant',68,0),(1098,'46275','com.pp.assistant',68,0),(1099,'46335','com.pp.assistant',68,0),(1100,'46399','com.pp.assistant',68,0),(1101,'46483','com.pp.assistant',68,0),(1102,'46623','com.pp.assistant',68,0),(1103,'46711','com.pp.assistant',68,0),(1104,'46791','com.pp.assistant',68,0),(1105,'46883','com.pp.assistant',68,0),(1106,'46975','com.pp.assistant',68,0),(1107,'47079','com.pp.assistant',68,0),(1108,'47203','com.pp.assistant',68,0),(1109,'44527','com.pp.assistant',68,0),(1110,'44535','com.pp.assistant',68,0),(1111,'44543','com.pp.assistant',68,0),(1112,'44551','com.pp.assistant',68,0),(1113,'44563','com.pp.assistant',68,0),(1114,'44571','com.pp.assistant',68,0),(1115,'44579','com.pp.assistant',68,0),(1116,'44587','com.pp.assistant',68,0),(1117,'44595','com.pp.assistant',68,0),(1118,'44603','com.pp.assistant',68,0),(1119,'44611','com.pp.assistant',68,0),(1120,'44623','com.pp.assistant',68,0),(1121,'44631','com.pp.assistant',68,0),(1122,'44639','com.pp.assistant',68,0),(1123,'44647','com.pp.assistant',68,0),(1124,'44659','com.pp.assistant',68,0),(1125,'44667','com.pp.assistant',68,0),(1126,'44675','com.pp.assistant',68,0),(1127,'44683','com.pp.assistant',68,0),(1128,'44695','com.pp.assistant',68,0),(1129,'44707','com.pp.assistant',68,0),(1130,'44735','com.pp.assistant',68,0),(1131,'44755','com.pp.assistant',68,0),(1132,'44787','com.pp.assistant',68,0),(1133,'44811','com.pp.assistant',68,0),(1134,'44847','com.pp.assistant',68,0),(1135,'44899','com.pp.assistant',68,0),(1136,'44955','com.pp.assistant',68,0),(1137,'45019','com.pp.assistant',68,0),(1138,'45143','com.pp.assistant',68,0),(1139,'45219','com.pp.assistant',68,0),(1140,'45295','com.pp.assistant',68,0),(1141,'45367','com.pp.assistant',68,0),(1142,'45451','com.pp.assistant',68,0),(1143,'45547','com.pp.assistant',68,0),(1144,'45635','com.pp.assistant',68,0),(1145,'45715','com.pp.assistant',68,0),(1146,'45811','com.pp.assistant',68,0),(1147,'45895','com.pp.assistant',68,0),(1148,'45999','com.pp.assistant',68,0),(1149,'46103','com.pp.assistant',68,0),(1150,'46263','com.pp.assistant',68,0),(1151,'46359','com.pp.assistant',68,0),(1152,'46467','com.pp.assistant',68,0),(1153,'46567','com.pp.assistant',68,0),(1154,'46667','com.pp.assistant',68,0),(1155,'46847','com.pp.assistant',68,0),(1156,'46959','com.pp.assistant',68,0),(1157,'47435','com.pp.assistant',68,0),(1158,'43343','com.pp.assistant',68,0),(1159,'43351','com.pp.assistant',68,0),(1160,'43363','com.pp.assistant',68,0),(1161,'43371','com.pp.assistant',68,0),(1162,'43379','com.pp.assistant',68,0),(1163,'43387','com.pp.assistant',68,0),(1164,'43395','com.pp.assistant',68,0),(1165,'43403','com.pp.assistant',68,0),(1166,'43411','com.pp.assistant',68,0),(1167,'43419','com.pp.assistant',68,0),(1168,'43427','com.pp.assistant',68,0),(1169,'43435','com.pp.assistant',68,0),(1170,'43447','com.pp.assistant',68,0),(1171,'43455','com.pp.assistant',68,0),(1172,'43463','com.pp.assistant',68,0),(1173,'43475','com.pp.assistant',68,0),(1174,'43495','com.pp.assistant',68,0),(1175,'43511','com.pp.assistant',68,0),(1176,'43547','com.pp.assistant',68,0),(1177,'43599','com.pp.assistant',68,0),(1178,'43655','com.pp.assistant',68,0),(1179,'43719','com.pp.assistant',68,0),(1180,'43795','com.pp.assistant',68,0),(1181,'43879','com.pp.assistant',68,0),(1182,'43959','com.pp.assistant',68,0),(1183,'44047','com.pp.assistant',68,0),(1184,'44127','com.pp.assistant',68,0),(1185,'44231','com.pp.assistant',68,0),(1186,'44327','com.pp.assistant',68,0),(1187,'44419','com.pp.assistant',68,0),(1188,'44511','com.pp.assistant',68,0),(1189,'44599','com.pp.assistant',68,0),(1190,'44687','com.pp.assistant',68,0),(1191,'44791','com.pp.assistant',68,0),(1192,'44887','com.pp.assistant',68,0),(1193,'44979','com.pp.assistant',68,0),(1194,'45079','com.pp.assistant',68,0),(1195,'45183','com.pp.assistant',68,0),(1196,'45283','com.pp.assistant',68,0),(1197,'45387','com.pp.assistant',68,0),(1198,'45491','com.pp.assistant',68,0),(1199,'45595','com.pp.assistant',68,0),(1200,'45699','com.pp.assistant',68,0),(1201,'18990','com.pp.assistant',68,0),(1202,'33600','com.pp.assistant',68,0),(1203,'35416','com.pp.assistant',68,0),(1204,'35048','com.pp.assistant',68,0),(1205,'37364','com.pp.assistant',68,0),(1206,'36649','com.pp.assistant',68,0),(1207,'36685','com.pp.assistant',68,0),(1208,'27985','com.pp.assistant',68,0),(1209,'27993','com.pp.assistant',68,0),(1210,'28005','com.pp.assistant',68,0),(1211,'28025','com.pp.assistant',68,0),(1212,'28041','com.pp.assistant',68,0),(1213,'28057','com.pp.assistant',68,0),(1214,'28073','com.pp.assistant',68,0),(1215,'28089','com.pp.assistant',68,0),(1216,'28105','com.pp.assistant',68,0),(1217,'28121','com.pp.assistant',68,0),(1218,'28133','com.pp.assistant',68,0),(1219,'28161','com.pp.assistant',68,0),(1220,'28237','com.pp.assistant',68,0),(1221,'28353','com.pp.assistant',68,0),(1222,'28465','com.pp.assistant',68,0),(1223,'28581','com.pp.assistant',68,0),(1224,'28701','com.pp.assistant',68,0),(1225,'28813','com.pp.assistant',68,0),(1226,'28933','com.pp.assistant',68,0),(1227,'29053','com.pp.assistant',68,0),(1228,'29173','com.pp.assistant',68,0),(1229,'29197','com.pp.assistant',68,0),(1230,'28185','com.pp.assistant',68,0),(1231,'28273','com.pp.assistant',68,0),(1232,'28297','com.pp.assistant',68,0),(1233,'28305','com.pp.assistant',68,0),(1234,'28313','com.pp.assistant',68,0),(1235,'28321','com.pp.assistant',68,0),(1236,'28329','com.pp.assistant',68,0),(1237,'28341','com.pp.assistant',68,0),(1238,'28353','com.pp.assistant',68,0),(1239,'28377','com.pp.assistant',68,0),(1240,'28385','com.pp.assistant',68,0),(1241,'28397','com.pp.assistant',68,0),(1242,'28413','com.pp.assistant',68,0),(1243,'28437','com.pp.assistant',68,0),(1244,'28509','com.pp.assistant',68,0),(1245,'28605','com.pp.assistant',68,0),(1246,'28709','com.pp.assistant',68,0),(1247,'28809','com.pp.assistant',68,0),(1248,'28925','com.pp.assistant',68,0),(1249,'29033','com.pp.assistant',68,0),(1250,'29129','com.pp.assistant',68,0),(1251,'28189','com.pp.assistant',68,0),(1252,'28241','com.pp.assistant',68,0),(1253,'28249','com.pp.assistant',68,0),(1254,'28261','com.pp.assistant',68,0),(1255,'28269','com.pp.assistant',68,0),(1256,'28277','com.pp.assistant',68,0),(1257,'28285','com.pp.assistant',68,0),(1258,'28297','com.pp.assistant',68,0),(1259,'28305','com.pp.assistant',68,0),(1260,'28313','com.pp.assistant',68,0),(1261,'28325','com.pp.assistant',68,0),(1262,'28337','com.pp.assistant',68,0),(1263,'28349','com.pp.assistant',68,0),(1264,'28373','com.pp.assistant',68,0),(1265,'28441','com.pp.assistant',68,0),(1266,'28537','com.pp.assistant',68,0),(1267,'13244','com.pp.assistant',68,0),(1268,'29940','com.pp.assistant',68,0),(1269,'36127','com.pp.assistant',68,0),(1270,'38888','com.pp.assistant',68,0),(1271,'38928','com.pp.assistant',68,0),(1272,'38536','com.pp.assistant',68,0),(1273,'38540','com.pp.assistant',68,0),(1274,'38336','com.pp.assistant',68,0),(1275,'39984','com.pp.assistant',68,0),(1276,'40980','com.pp.assistant',68,0),(1277,'42441','com.pp.assistant',68,0),(1278,'42505','com.pp.assistant',68,0),(1279,'42729','com.pp.assistant',68,0),(1280,'42745','com.pp.assistant',68,0),(1281,'42757','com.pp.assistant',68,0),(1282,'42833','com.pp.assistant',68,0),(1283,'42837','com.pp.assistant',68,0),(1284,'43105','com.pp.assistant',68,0),(1285,'42877','com.pp.assistant',68,0),(1286,'42889','com.pp.assistant',68,0),(1287,'42897','com.pp.assistant',68,0),(1288,'42905','com.pp.assistant',68,0),(1289,'42913','com.pp.assistant',68,0),(1290,'12013','com.pp.assistant',68,0),(1291,'30921','com.pp.assistant',68,0),(1292,'35043','com.pp.assistant',68,0),(1293,'35027','com.pp.assistant',68,0),(1294,'38699','com.pp.assistant',68,0),(1295,'38971','com.pp.assistant',68,0),(1296,'38931','com.pp.assistant',68,0),(1297,'38403','com.pp.assistant',68,0),(1298,'39975','com.pp.assistant',68,0),(1299,'41000','com.pp.assistant',68,0),(1300,'44676','com.pp.assistant',68,0),(1301,'45608','com.pp.assistant',68,0),(1302,'45644','com.pp.assistant',68,0),(1303,'45988','com.pp.assistant',68,0),(1304,'46000','com.pp.assistant',68,0),(1305,'46023','com.pp.assistant',68,0),(1306,'46031','com.pp.assistant',68,0),(1307,'46039','com.pp.assistant',68,0),(1308,'48589','com.pp.assistant',68,0),(1309,'48745','com.pp.assistant',68,0),(1310,'48829','com.pp.assistant',68,0),(1311,'49033','com.pp.assistant',68,0),(1312,'49417','com.pp.assistant',68,0),(1313,'49421','com.pp.assistant',68,0),(1314,'49429','com.pp.assistant',68,0),(1315,'49425','com.pp.assistant',68,0),(1316,'49437','com.pp.assistant',68,0),(1317,'49437','com.pp.assistant',68,0),(1318,'49441','com.pp.assistant',68,0),(1319,'49441','com.pp.assistant',68,0),(1320,'49449','com.pp.assistant',68,0),(1321,'49453','com.pp.assistant',68,0),(1322,'49789','com.pp.assistant',68,0),(1323,'49461','com.pp.assistant',68,0),(1324,'49465','com.pp.assistant',68,0),(1325,'49465','com.pp.assistant',68,0),(1326,'49469','com.pp.assistant',68,0),(1327,'46981','com.pp.assistant',68,0),(1328,'46985','com.pp.assistant',68,0),(1329,'14508','com.pp.assistant',76,5),(1330,'30814','com.pp.assistant',76,5),(1331,'36316','com.pp.assistant',76,5),(1332,'39729','com.pp.assistant',76,5),(1333,'40176','com.pp.assistant',76,5),(1334,'41504','com.pp.assistant',76,5),(1335,'42148','com.pp.assistant',76,5),(1336,'44716','com.pp.assistant',76,5),(1337,'44916','com.pp.assistant',76,5),(1338,'42540','com.pp.assistant',76,5),(1339,'45054','com.pp.assistant',76,5),(1340,'46982','com.pp.assistant',76,5),(1341,'47434','com.pp.assistant',76,5),(1342,'47462','com.pp.assistant',76,5),(1343,'47482','com.pp.assistant',76,5),(1344,'47498','com.pp.assistant',76,5),(1345,'47506','com.pp.assistant',76,5),(1346,'47514','com.pp.assistant',76,5),(1347,'47531','com.pp.assistant',76,5),(1348,'50795','com.pp.assistant',76,5),(1349,'51135','com.pp.assistant',76,5),(1350,'51159','com.pp.assistant',76,5),(1351,'51243','com.pp.assistant',76,5),(1352,'51607','com.pp.assistant',76,5),(1353,'51247','com.pp.assistant',76,5),(1354,'51251','com.pp.assistant',76,5),(1355,'51255','com.pp.assistant',76,5),(1356,'51255','com.pp.assistant',76,5),(1357,'51263','com.pp.assistant',76,5),(1358,'51271','com.pp.assistant',76,5),(1359,'51275','com.pp.assistant',76,5),(1360,'51283','com.pp.assistant',76,5),(1361,'51291','com.pp.assistant',76,5),(1362,'51295','com.pp.assistant',76,5),(1363,'51299','com.pp.assistant',76,5),(1364,'51603','com.pp.assistant',76,5),(1365,'51307','com.pp.assistant',76,5),(1366,'48939','com.pp.assistant',76,5),(1367,'19976','com.pp.assistant',76,2),(1368,'35217','com.pp.assistant',76,2),(1369,'40084','com.pp.assistant',76,2),(1370,'41980','com.pp.assistant',76,2),(1371,'40604','com.pp.assistant',76,2),(1372,'41824','com.pp.assistant',76,2),(1373,'40120','com.pp.assistant',76,2),(1374,'42605','com.pp.assistant',76,2),(1375,'44241','com.pp.assistant',76,2),(1376,'44637','com.pp.assistant',76,2),(1377,'47957','com.pp.assistant',76,2),(1378,'49021','com.pp.assistant',76,2),(1379,'49909','com.pp.assistant',76,2),(1380,'52036','com.pp.assistant',76,2),(1381,'52396','com.pp.assistant',76,2),(1382,'52520','com.pp.assistant',76,2),(1383,'50224','com.pp.assistant',76,2),(1384,'50232','com.pp.assistant',76,2),(1385,'50240','com.pp.assistant',76,2),(1386,'50260','com.pp.assistant',76,2),(1387,'50272','com.pp.assistant',76,2),(1388,'50284','com.pp.assistant',76,2),(1389,'50296','com.pp.assistant',76,2),(1390,'50312','com.pp.assistant',76,2),(1391,'50332','com.pp.assistant',76,2),(1392,'50372','com.pp.assistant',76,2),(1393,'50396','com.pp.assistant',76,2),(1394,'50436','com.pp.assistant',76,2),(1395,'50549','com.pp.assistant',76,2),(1396,'50601','com.pp.assistant',76,2),(1397,'50665','com.pp.assistant',76,2),(1398,'50721','com.pp.assistant',76,2),(1399,'50777','com.pp.assistant',76,2),(1400,'50853','com.pp.assistant',76,2),(1401,'50921','com.pp.assistant',76,2),(1402,'50989','com.pp.assistant',76,2),(1403,'51061','com.pp.assistant',76,2),(1404,'51149','com.pp.assistant',76,2),(1405,'51221','com.pp.assistant',76,2),(1406,'51317','com.pp.assistant',76,2),(1407,'51409','com.pp.assistant',76,2),(1408,'51501','com.pp.assistant',76,2),(1409,'51593','com.pp.assistant',76,2),(1410,'51689','com.pp.assistant',76,2),(1411,'51785','com.pp.assistant',76,2),(1412,'51897','com.pp.assistant',76,2),(1413,'51997','com.pp.assistant',76,2),(1414,'52521','com.pp.assistant',76,2),(1415,'52109','com.pp.assistant',76,2),(1416,'49317','com.pp.assistant',76,2),(1417,'49325','com.pp.assistant',76,2),(1418,'49333','com.pp.assistant',76,2),(1419,'49341','com.pp.assistant',76,2),(1420,'49349','com.pp.assistant',76,2),(1421,'49361','com.pp.assistant',76,2),(1422,'49369','com.pp.assistant',76,2),(1423,'49377','com.pp.assistant',76,2),(1424,'49385','com.pp.assistant',76,2),(1425,'49393','com.pp.assistant',76,2),(1426,'49401','com.pp.assistant',76,2),(1427,'49409','com.pp.assistant',76,2),(1428,'49417','com.pp.assistant',76,2),(1429,'49429','com.pp.assistant',76,2),(1430,'49441','com.pp.assistant',76,2),(1431,'49449','com.pp.assistant',76,2),(1432,'49461','com.pp.assistant',76,2),(1433,'49469','com.pp.assistant',76,2),(1434,'49485','com.pp.assistant',76,2),(1435,'49493','com.pp.assistant',76,2),(1436,'49501','com.pp.assistant',76,2),(1437,'49509','com.pp.assistant',76,2),(1438,'49517','com.pp.assistant',76,2),(1439,'49525','com.pp.assistant',76,2),(1440,'49537','com.pp.assistant',76,2),(1441,'49545','com.pp.assistant',76,2),(1442,'49577','com.pp.assistant',76,2),(1443,'49617','com.pp.assistant',76,2),(1444,'49661','com.pp.assistant',76,2),(1445,'49721','com.pp.assistant',76,2),(1446,'49769','com.pp.assistant',76,2),(1447,'49813','com.pp.assistant',76,2),(1448,'49869','com.pp.assistant',76,2),(1449,'49925','com.pp.assistant',76,2),(1450,'49985','com.pp.assistant',76,2),(1451,'50057','com.pp.assistant',76,2),(1452,'50137','com.pp.assistant',76,2),(1453,'50225','com.pp.assistant',76,2),(1454,'50309','com.pp.assistant',76,2),(1455,'50393','com.pp.assistant',76,2),(1456,'50473','com.pp.assistant',76,2),(1457,'50561','com.pp.assistant',76,2),(1458,'50649','com.pp.assistant',76,2),(1459,'50741','com.pp.assistant',76,2),(1460,'50829','com.pp.assistant',76,2),(1461,'50909','com.pp.assistant',76,2),(1462,'51013','com.pp.assistant',76,2),(1463,'51113','com.pp.assistant',76,2),(1464,'51217','com.pp.assistant',76,2),(1465,'51321','com.pp.assistant',76,2),(1466,'51417','com.pp.assistant',76,2),(1467,'51529','com.pp.assistant',76,2),(1468,'51641','com.pp.assistant',76,2),(1469,'51749','com.pp.assistant',76,2),(1470,'51861','com.pp.assistant',76,2),(1471,'51921','com.pp.assistant',76,2),(1472,'48389','com.pp.assistant',76,2),(1473,'48397','com.pp.assistant',76,2),(1474,'48405','com.pp.assistant',76,2),(1475,'48417','com.pp.assistant',76,2),(1476,'48425','com.pp.assistant',76,2),(1477,'48433','com.pp.assistant',76,2),(1478,'48441','com.pp.assistant',76,2),(1479,'48449','com.pp.assistant',76,2),(1480,'48457','com.pp.assistant',76,2),(1481,'48465','com.pp.assistant',76,2),(1482,'48473','com.pp.assistant',76,2),(1483,'48481','com.pp.assistant',76,2),(1484,'48489','com.pp.assistant',76,2),(1485,'48497','com.pp.assistant',76,2),(1486,'48505','com.pp.assistant',76,2),(1487,'48517','com.pp.assistant',76,2),(1488,'48525','com.pp.assistant',76,2),(1489,'48533','com.pp.assistant',76,2),(1490,'48541','com.pp.assistant',76,2),(1491,'48549','com.pp.assistant',76,2),(1492,'48557','com.pp.assistant',76,2),(1493,'48569','com.pp.assistant',76,2),(1494,'48601','com.pp.assistant',76,2),(1495,'48625','com.pp.assistant',76,2),(1496,'48673','com.pp.assistant',76,2),(1497,'48717','com.pp.assistant',76,2),(1498,'48769','com.pp.assistant',76,2),(1499,'13352','com.pp.assistant',76,0),(1500,'30369','com.pp.assistant',76,0),(1501,'36763','com.pp.assistant',76,0),(1502,'39483','com.pp.assistant',76,0),(1503,'40508','com.pp.assistant',76,0),(1504,'42440','com.pp.assistant',76,0),(1505,'41707','com.pp.assistant',76,0),(1506,'41948','com.pp.assistant',76,0),(1507,'41040','com.pp.assistant',76,0),(1508,'41312','com.pp.assistant',76,0),(1509,'40832','com.pp.assistant',76,0),(1510,'40856','com.pp.assistant',76,0),(1511,'40864','com.pp.assistant',76,0),(1512,'40876','com.pp.assistant',76,0),(1513,'40884','com.pp.assistant',76,0),(1514,'40896','com.pp.assistant',76,0),(1515,'40944','com.pp.assistant',76,0),(1516,'41044','com.pp.assistant',76,0),(1517,'41220','com.pp.assistant',76,0),(1518,'41340','com.pp.assistant',76,0),(1519,'41464','com.pp.assistant',76,0),(1520,'41592','com.pp.assistant',76,0),(1521,'41720','com.pp.assistant',76,0),(1522,'41852','com.pp.assistant',76,0),(1523,'41980','com.pp.assistant',76,0),(1524,'42108','com.pp.assistant',76,0),(1525,'42236','com.pp.assistant',76,0),(1526,'42368','com.pp.assistant',76,0),(1527,'42504','com.pp.assistant',76,0),(1528,'42636','com.pp.assistant',76,0),(1529,'42764','com.pp.assistant',76,0),(1530,'42900','com.pp.assistant',76,0),(1531,'43028','com.pp.assistant',76,0),(1532,'43240','com.pp.assistant',76,0),(1533,'43372','com.pp.assistant',76,0),(1534,'43584','com.pp.assistant',76,0),(1535,'43796','com.pp.assistant',76,0),(1536,'43936','com.pp.assistant',76,0),(1537,'44156','com.pp.assistant',76,0),(1538,'44376','com.pp.assistant',76,0),(1539,'44524','com.pp.assistant',76,0),(1540,'44744','com.pp.assistant',76,0),(1541,'44960','com.pp.assistant',76,0),(1542,'45172','com.pp.assistant',76,0),(1543,'45396','com.pp.assistant',76,0),(1544,'45536','com.pp.assistant',76,0),(1545,'45652','com.pp.assistant',76,0),(1546,'39672','com.pp.assistant',76,0),(1547,'39684','com.pp.assistant',76,0),(1548,'39692','com.pp.assistant',76,0),(1549,'39704','com.pp.assistant',76,0),(1550,'39736','com.pp.assistant',76,0),(1551,'39796','com.pp.assistant',76,0),(1552,'39904','com.pp.assistant',76,0),(1553,'40016','com.pp.assistant',76,0),(1554,'40104','com.pp.assistant',76,0),(1555,'40280','com.pp.assistant',76,0),(1556,'40468','com.pp.assistant',76,0),(1557,'40652','com.pp.assistant',76,0),(1558,'40844','com.pp.assistant',76,0),(1559,'41040','com.pp.assistant',76,0),(1560,'41236','com.pp.assistant',76,0),(1561,'41432','com.pp.assistant',76,0),(1562,'41624','com.pp.assistant',76,0),(1563,'41744','com.pp.assistant',76,0),(1564,'41860','com.pp.assistant',76,0),(1565,'42052','com.pp.assistant',76,0),(1566,'42244','com.pp.assistant',76,0),(1567,'42440','com.pp.assistant',76,0),(1568,'42640','com.pp.assistant',76,0),(1569,'42844','com.pp.assistant',76,0),(1570,'42972','com.pp.assistant',76,0),(1571,'43104','com.pp.assistant',76,0),(1572,'43228','com.pp.assistant',76,0),(1573,'43360','com.pp.assistant',76,0),(1574,'43492','com.pp.assistant',76,0),(1575,'43692','com.pp.assistant',76,0),(1576,'43824','com.pp.assistant',76,0),(1577,'43960','com.pp.assistant',76,0),(1578,'44092','com.pp.assistant',76,0),(1579,'44212','com.pp.assistant',76,0),(1580,'39788','com.pp.assistant',76,0),(1581,'39880','com.pp.assistant',76,0),(1582,'39972','com.pp.assistant',76,0),(1583,'40080','com.pp.assistant',76,0),(1584,'40188','com.pp.assistant',76,0),(1585,'40300','com.pp.assistant',76,0),(1586,'40428','com.pp.assistant',76,0),(1587,'40544','com.pp.assistant',76,0),(1588,'40664','com.pp.assistant',76,0),(1589,'40784','com.pp.assistant',76,0),(1590,'40908','com.pp.assistant',76,0),(1591,'41032','com.pp.assistant',76,0),(1592,'41156','com.pp.assistant',76,0),(1593,'41276','com.pp.assistant',76,0),(1594,'41360','com.pp.assistant',76,0),(1595,'41372','com.pp.assistant',76,0),(1596,'41380','com.pp.assistant',76,0),(1597,'41388','com.pp.assistant',76,0),(1598,'41400','com.pp.assistant',76,0),(1599,'41408','com.pp.assistant',76,0),(1600,'41416','com.pp.assistant',76,0),(1601,'41448','com.pp.assistant',76,0),(1602,'41508','com.pp.assistant',76,0),(1603,'41572','com.pp.assistant',76,0),(1604,'41656','com.pp.assistant',76,0),(1605,'41760','com.pp.assistant',76,0),(1606,'41864','com.pp.assistant',76,0),(1607,'41984','com.pp.assistant',76,0),(1608,'42092','com.pp.assistant',76,0),(1609,'42208','com.pp.assistant',76,0),(1610,'42312','com.pp.assistant',76,0),(1611,'42432','com.pp.assistant',76,0),(1612,'42552','com.pp.assistant',76,0),(1613,'42668','com.pp.assistant',76,0),(1614,'42788','com.pp.assistant',76,0),(1615,'42912','com.pp.assistant',76,0),(1616,'43032','com.pp.assistant',76,0),(1617,'43237','com.pp.assistant',76,0),(1618,'43357','com.pp.assistant',76,0),(1619,'43481','com.pp.assistant',76,0),(1620,'43601','com.pp.assistant',76,0),(1621,'43729','com.pp.assistant',76,0),(1622,'43857','com.pp.assistant',76,0),(1623,'43985','com.pp.assistant',76,0),(1624,'44093','com.pp.assistant',76,0),(1625,'13131','com.pp.assistant',76,0),(1626,'31032','com.pp.assistant',76,0),(1627,'38379','com.pp.assistant',76,0),(1628,'39776','com.pp.assistant',76,0),(1629,'43200','com.pp.assistant',76,0),(1630,'43048','com.pp.assistant',76,0),(1631,'40204','com.pp.assistant',76,0),(1632,'41724','com.pp.assistant',76,0),(1633,'40172','com.pp.assistant',76,0),(1634,'40240','com.pp.assistant',76,0),(1635,'44637','com.pp.assistant',76,0),(1636,'44986','com.pp.assistant',76,0),(1637,'18888','com.pp.assistant',76,0),(1638,'33316','com.pp.assistant',76,0),(1639,'37888','com.pp.assistant',76,0),(1640,'41976','com.pp.assistant',76,0),(1641,'40552','com.pp.assistant',76,0),(1642,'41820','com.pp.assistant',76,0),(1643,'40072','com.pp.assistant',76,0),(1644,'42541','com.pp.assistant',76,0),(1645,'44177','com.pp.assistant',76,0),(1646,'44637','com.pp.assistant',76,0),(1647,'47957','com.pp.assistant',76,0),(1648,'49021','com.pp.assistant',76,0),(1649,'49905','com.pp.assistant',76,0),(1650,'52036','com.pp.assistant',76,0),(1651,'52392','com.pp.assistant',76,0),(1652,'52520','com.pp.assistant',76,0),(1653,'50220','com.pp.assistant',76,0),(1654,'50228','com.pp.assistant',76,0),(1655,'50236','com.pp.assistant',76,0),(1656,'50252','com.pp.assistant',76,0),(1657,'50268','com.pp.assistant',76,0),(1658,'50280','com.pp.assistant',76,0),(1659,'50288','com.pp.assistant',76,0),(1660,'50304','com.pp.assistant',76,0),(1661,'50328','com.pp.assistant',76,0),(1662,'50360','com.pp.assistant',76,0),(1663,'50384','com.pp.assistant',76,0),(1664,'50408','com.pp.assistant',76,0),(1665,'50533','com.pp.assistant',76,0),(1666,'50573','com.pp.assistant',76,0),(1667,'50629','com.pp.assistant',76,0),(1668,'50689','com.pp.assistant',76,0),(1669,'50741','com.pp.assistant',76,0),(1670,'50821','com.pp.assistant',76,0),(1671,'50889','com.pp.assistant',76,0),(1672,'50957','com.pp.assistant',76,0),(1673,'51021','com.pp.assistant',76,0),(1674,'51105','com.pp.assistant',76,0),(1675,'51181','com.pp.assistant',76,0),(1676,'51269','com.pp.assistant',76,0),(1677,'51361','com.pp.assistant',76,0),(1678,'51453','com.pp.assistant',76,0),(1679,'51549','com.pp.assistant',76,0),(1680,'51645','com.pp.assistant',76,0),(1681,'51737','com.pp.assistant',76,0),(1682,'51845','com.pp.assistant',76,0),(1683,'51949','com.pp.assistant',76,0),(1684,'52049','com.pp.assistant',76,0),(1685,'52109','com.pp.assistant',76,0),(1686,'49313','com.pp.assistant',76,0),(1687,'49321','com.pp.assistant',76,0),(1688,'49329','com.pp.assistant',76,0),(1689,'49337','com.pp.assistant',76,0),(1690,'49345','com.pp.assistant',76,0),(1691,'49353','com.pp.assistant',76,0),(1692,'49365','com.pp.assistant',76,0),(1693,'49373','com.pp.assistant',76,0),(1694,'49381','com.pp.assistant',76,0),(1695,'49389','com.pp.assistant',76,0),(1696,'49397','com.pp.assistant',76,0),(1697,'49405','com.pp.assistant',76,0),(1698,'49413','com.pp.assistant',76,0),(1699,'49421','com.pp.assistant',76,0),(1700,'49433','com.pp.assistant',76,0),(1701,'49445','com.pp.assistant',76,0),(1702,'49457','com.pp.assistant',76,0),(1703,'49465','com.pp.assistant',76,0),(1704,'49481','com.pp.assistant',76,0),(1705,'49489','com.pp.assistant',76,0),(1706,'49497','com.pp.assistant',76,0),(1707,'49505','com.pp.assistant',76,0),(1708,'49513','com.pp.assistant',76,0),(1709,'49521','com.pp.assistant',76,0),(1710,'49533','com.pp.assistant',76,0),(1711,'49541','com.pp.assistant',76,0),(1712,'49561','com.pp.assistant',76,0),(1713,'49597','com.pp.assistant',76,0),(1714,'49629','com.pp.assistant',76,0),(1715,'49689','com.pp.assistant',76,0),(1716,'49749','com.pp.assistant',76,0),(1717,'49793','com.pp.assistant',76,0),(1718,'49841','com.pp.assistant',76,0),(1719,'49893','com.pp.assistant',76,0),(1720,'49953','com.pp.assistant',76,0),(1721,'50013','com.pp.assistant',76,0),(1722,'50097','com.pp.assistant',76,0),(1723,'50185','com.pp.assistant',76,0),(1724,'50273','com.pp.assistant',76,0),(1725,'50353','com.pp.assistant',76,0),(1726,'50429','com.pp.assistant',76,0),(1727,'50517','com.pp.assistant',76,0),(1728,'50605','com.pp.assistant',76,0),(1729,'50693','com.pp.assistant',76,0),(1730,'50781','com.pp.assistant',76,0),(1731,'50869','com.pp.assistant',76,0),(1732,'50961','com.pp.assistant',76,0),(1733,'51061','com.pp.assistant',76,0),(1734,'51165','com.pp.assistant',76,0),(1735,'51269','com.pp.assistant',76,0),(1736,'51373','com.pp.assistant',76,0),(1737,'51473','com.pp.assistant',76,0),(1738,'51585','com.pp.assistant',76,0),(1739,'51697','com.pp.assistant',76,0),(1740,'51805','com.pp.assistant',76,0),(1741,'52349','com.pp.assistant',76,0),(1742,'51933','com.pp.assistant',76,0),(1743,'48393','com.pp.assistant',76,0),(1744,'48401','com.pp.assistant',76,0),(1745,'48409','com.pp.assistant',76,0),(1746,'48421','com.pp.assistant',76,0),(1747,'48429','com.pp.assistant',76,0),(1748,'48437','com.pp.assistant',76,0),(1749,'48445','com.pp.assistant',76,0),(1750,'48453','com.pp.assistant',76,0),(1751,'48461','com.pp.assistant',76,0),(1752,'48469','com.pp.assistant',76,0),(1753,'48477','com.pp.assistant',76,0),(1754,'48485','com.pp.assistant',76,0),(1755,'48493','com.pp.assistant',76,0),(1756,'48501','com.pp.assistant',76,0),(1757,'48509','com.pp.assistant',76,0),(1758,'48521','com.pp.assistant',76,0),(1759,'48529','com.pp.assistant',76,0),(1760,'48537','com.pp.assistant',76,0),(1761,'48545','com.pp.assistant',76,0),(1762,'48553','com.pp.assistant',76,0),(1763,'48561','com.pp.assistant',76,0),(1764,'48577','com.pp.assistant',76,0),(1765,'48609','com.pp.assistant',76,0),(1766,'48653','com.pp.assistant',76,0),(1767,'48697','com.pp.assistant',76,0),(1768,'48745','com.pp.assistant',76,0),(1769,'15789','com.pp.assistant',76,0),(1770,'29787','com.pp.assistant',76,0),(1771,'35759','com.pp.assistant',76,0),(1772,'39528','com.pp.assistant',76,0),(1773,'39560','com.pp.assistant',76,0),(1774,'40860','com.pp.assistant',76,0),(1775,'43825','com.pp.assistant',76,0),(1776,'43797','com.pp.assistant',76,0),(1777,'30461','com.pp.assistant',76,0),(1778,'30473','com.pp.assistant',76,0),(1779,'30481','com.pp.assistant',76,0),(1780,'30489','com.pp.assistant',76,0),(1781,'30530','com.pp.assistant',76,0),(1782,'30538','com.pp.assistant',76,0),(1783,'30546','com.pp.assistant',76,0),(1784,'30554','com.pp.assistant',76,0),(1785,'30574','com.pp.assistant',76,0),(1786,'30590','com.pp.assistant',76,0),(1787,'30610','com.pp.assistant',76,0),(1788,'30642','com.pp.assistant',76,0),(1789,'30710','com.pp.assistant',76,0),(1790,'30802','com.pp.assistant',76,0),(1791,'30906','com.pp.assistant',76,0),(1792,'31014','com.pp.assistant',76,0),(1793,'31122','com.pp.assistant',76,0),(1794,'31230','com.pp.assistant',76,0),(1795,'31346','com.pp.assistant',76,0),(1796,'31454','com.pp.assistant',76,0),(1797,'31570','com.pp.assistant',76,0),(1798,'31686','com.pp.assistant',76,0),(1799,'31794','com.pp.assistant',76,0),(1800,'31914','com.pp.assistant',76,0),(1801,'32034','com.pp.assistant',76,0),(1802,'32154','com.pp.assistant',76,0),(1803,'32210','com.pp.assistant',76,0),(1804,'30754','com.pp.assistant',76,0),(1805,'30838','com.pp.assistant',76,0),(1806,'30910','com.pp.assistant',76,0),(1807,'30918','com.pp.assistant',76,0),(1808,'30926','com.pp.assistant',76,0),(1809,'30934','com.pp.assistant',76,0),(1810,'30946','com.pp.assistant',76,0),(1811,'30954','com.pp.assistant',76,0),(1812,'30962','com.pp.assistant',76,0),(1813,'30970','com.pp.assistant',76,0),(1814,'30982','com.pp.assistant',76,0),(1815,'30994','com.pp.assistant',76,0),(1816,'31002','com.pp.assistant',76,0),(1817,'31034','com.pp.assistant',76,0),(1818,'31082','com.pp.assistant',76,0),(1819,'31154','com.pp.assistant',76,0),(1820,'31230','com.pp.assistant',76,0),(1821,'31322','com.pp.assistant',76,0),(1822,'31426','com.pp.assistant',76,0),(1823,'31522','com.pp.assistant',76,0),(1824,'31630','com.pp.assistant',76,0),(1825,'31734','com.pp.assistant',76,0),(1826,'31850','com.pp.assistant',76,0),(1827,'31958','com.pp.assistant',76,0),(1828,'32066','com.pp.assistant',76,0),(1829,'32174','com.pp.assistant',76,0),(1830,'32282','com.pp.assistant',76,0),(1831,'30830','com.pp.assistant',76,0),(1832,'30870','com.pp.assistant',76,0),(1833,'30878','com.pp.assistant',76,0),(1834,'30886','com.pp.assistant',76,0),(1835,'17325','com.pp.assistant',76,0),(1836,'34285','com.pp.assistant',76,0),(1837,'39851','com.pp.assistant',76,0),(1838,'42592','com.pp.assistant',76,0),(1839,'42512','com.pp.assistant',76,0),(1840,'40864','com.pp.assistant',76,0),(1841,'43348','com.pp.assistant',76,0),(1842,'44888','com.pp.assistant',76,0),(1843,'41448','com.pp.assistant',76,0),(1844,'42486','com.pp.assistant',76,0),(1845,'45088','com.pp.assistant',76,0),(1846,'45306','com.pp.assistant',76,0),(1847,'45506','com.pp.assistant',76,0),(1848,'45530','com.pp.assistant',76,0),(1849,'45558','com.pp.assistant',76,0),(1850,'45638','com.pp.assistant',76,0),(1851,'45650','com.pp.assistant',76,0),(1852,'46030','com.pp.assistant',76,0),(1853,'45986','com.pp.assistant',76,0),(1854,'45698','com.pp.assistant',76,0),(1855,'45750','com.pp.assistant',76,0),(1856,'45766','com.pp.assistant',76,0),(1857,'45786','com.pp.assistant',76,0),(1858,'13230','com.pp.assistant',76,0),(1859,'30710','com.pp.assistant',76,0),(1860,'36312','com.pp.assistant',76,0),(1861,'39725','com.pp.assistant',76,0),(1862,'40116','com.pp.assistant',76,0),(1863,'41500','com.pp.assistant',76,0),(1864,'42080','com.pp.assistant',76,0),(1865,'44656','com.pp.assistant',76,0),(1866,'44916','com.pp.assistant',76,0),(1867,'42532','com.pp.assistant',76,0),(1868,'45034','com.pp.assistant',76,0),(1869,'46982','com.pp.assistant',76,0),(1870,'47434','com.pp.assistant',76,0),(1871,'47458','com.pp.assistant',76,0),(1872,'47482','com.pp.assistant',76,0),(1873,'47498','com.pp.assistant',76,0),(1874,'47706','com.pp.assistant',76,0),(1875,'47514','com.pp.assistant',76,0),(1876,'47531','com.pp.assistant',76,0),(1877,'50795','com.pp.assistant',76,0),(1878,'51135','com.pp.assistant',76,0),(1879,'51159','com.pp.assistant',76,0),(1880,'51243','com.pp.assistant',76,0),(1881,'51247','com.pp.assistant',76,0),(1882,'51247','com.pp.assistant',76,0),(1883,'51251','com.pp.assistant',76,0),(1884,'51251','com.pp.assistant',76,0),(1885,'51255','com.pp.assistant',76,0),(1886,'51263','com.pp.assistant',76,0),(1887,'51271','com.pp.assistant',76,0),(1888,'51275','com.pp.assistant',76,0),(1889,'51283','com.pp.assistant',76,0),(1890,'51287','com.pp.assistant',76,0),(1891,'51291','com.pp.assistant',76,0),(1892,'51299','com.pp.assistant',76,0),(1893,'51307','com.pp.assistant',76,0),(1894,'51303','com.pp.assistant',76,0),(1895,'48915','com.pp.assistant',76,0),(1896,'14474','com.pp.assistant',76,1),(1897,'32173','com.pp.assistant',76,1),(1898,'38439','com.pp.assistant',76,1),(1899,'42460','com.pp.assistant',76,1),(1900,'41492','com.pp.assistant',76,1),(1901,'43052','com.pp.assistant',76,1),(1902,'40504','com.pp.assistant',76,1),(1903,'41732','com.pp.assistant',76,1),(1904,'40176','com.pp.assistant',76,1),(1905,'40480','com.pp.assistant',76,1),(1906,'45205','com.pp.assistant',76,1),(1907,'41522','com.pp.assistant',76,1),(1908,'19421','com.pp.assistant',76,4),(1909,'34297','com.pp.assistant',76,4),(1910,'39855','com.pp.assistant',76,4),(1911,'40084','com.pp.assistant',76,4),(1912,'42516','com.pp.assistant',76,4),(1913,'41172','com.pp.assistant',76,4),(1914,'43676','com.pp.assistant',76,4),(1915,'44888','com.pp.assistant',76,4),(1916,'41526','com.pp.assistant',76,4),(1917,'42486','com.pp.assistant',76,4),(1918,'45108','com.pp.assistant',76,4),(1919,'45310','com.pp.assistant',76,4),(1920,'45514','com.pp.assistant',76,4),(1921,'45534','com.pp.assistant',76,4),(1922,'45566','com.pp.assistant',76,4),(1923,'45638','com.pp.assistant',76,4),(1924,'45650','com.pp.assistant',76,4),(1925,'45662','com.pp.assistant',76,4),(1926,'45682','com.pp.assistant',76,4),(1927,'45702','com.pp.assistant',76,4),(1928,'45946','com.pp.assistant',76,4),(1929,'46094','com.pp.assistant',76,4),(1930,'45790','com.pp.assistant',76,4),(1931,'18172','com.pp.assistant',76,3),(1932,'29795','com.pp.assistant',76,3),(1933,'35879','com.pp.assistant',76,3),(1934,'39532','com.pp.assistant',76,3),(1935,'39568','com.pp.assistant',76,3),(1936,'40916','com.pp.assistant',76,3),(1937,'43825','com.pp.assistant',76,3),(1938,'43797','com.pp.assistant',76,3),(1939,'30469','com.pp.assistant',76,3),(1940,'30477','com.pp.assistant',76,3),(1941,'30485','com.pp.assistant',76,3),(1942,'30493','com.pp.assistant',76,3),(1943,'30534','com.pp.assistant',76,3),(1944,'30542','com.pp.assistant',76,3),(1945,'30550','com.pp.assistant',76,3),(1946,'30562','com.pp.assistant',76,3),(1947,'30582','com.pp.assistant',76,3),(1948,'30598','com.pp.assistant',76,3),(1949,'30626','com.pp.assistant',76,3),(1950,'30670','com.pp.assistant',76,3),(1951,'30758','com.pp.assistant',76,3),(1952,'30854','com.pp.assistant',76,3),(1953,'30958','com.pp.assistant',76,3),(1954,'31062','com.pp.assistant',76,3),(1955,'31178','com.pp.assistant',76,3),(1956,'31290','com.pp.assistant',76,3),(1957,'31398','com.pp.assistant',76,3),(1958,'31510','com.pp.assistant',76,3),(1959,'31630','com.pp.assistant',76,3),(1960,'31742','com.pp.assistant',76,3),(1961,'31858','com.pp.assistant',76,3),(1962,'31978','com.pp.assistant',76,3),(1963,'32098','com.pp.assistant',76,3),(1964,'32214','com.pp.assistant',76,3),(1965,'30746','com.pp.assistant',76,3),(1966,'30798','com.pp.assistant',76,3),(1967,'30878','com.pp.assistant',76,3),(1968,'30914','com.pp.assistant',76,3),(1969,'30922','com.pp.assistant',76,3),(1970,'30930','com.pp.assistant',76,3),(1971,'30938','com.pp.assistant',76,3),(1972,'30950','com.pp.assistant',76,3),(1973,'30958','com.pp.assistant',76,3),(1974,'30966','com.pp.assistant',76,3),(1975,'30978','com.pp.assistant',76,3),(1976,'30990','com.pp.assistant',76,3),(1977,'30998','com.pp.assistant',76,3),(1978,'31018','com.pp.assistant',76,3),(1979,'31050','com.pp.assistant',76,3),(1980,'31118','com.pp.assistant',76,3),(1981,'31190','com.pp.assistant',76,3),(1982,'31274','com.pp.assistant',76,3),(1983,'31370','com.pp.assistant',76,3),(1984,'31470','com.pp.assistant',76,3),(1985,'31578','com.pp.assistant',76,3),(1986,'31686','com.pp.assistant',76,3),(1987,'31790','com.pp.assistant',76,3),(1988,'31906','com.pp.assistant',76,3),(1989,'32014','com.pp.assistant',76,3),(1990,'32118','com.pp.assistant',76,3),(1991,'32230','com.pp.assistant',76,3),(1992,'32282','com.pp.assistant',76,3),(1993,'30866','com.pp.assistant',76,3),(1994,'30874','com.pp.assistant',76,3),(1995,'30882','com.pp.assistant',76,3),(1996,'30890','com.pp.assistant',76,3),(1997,'15459','com.pp.assistant',76,6),(1998,'30373','com.pp.assistant',76,6),(1999,'36767','com.pp.assistant',76,6),(2000,'39487','com.pp.assistant',76,6),(2001,'40572','com.pp.assistant',76,6),(2002,'42444','com.pp.assistant',76,6),(2003,'41767','com.pp.assistant',76,6),(2004,'41952','com.pp.assistant',76,6),(2005,'41044','com.pp.assistant',76,6),(2006,'41312','com.pp.assistant',76,6),(2007,'40852','com.pp.assistant',76,6),(2008,'40860','com.pp.assistant',76,6),(2009,'40868','com.pp.assistant',76,6),(2010,'40880','com.pp.assistant',76,6),(2011,'40888','com.pp.assistant',76,6),(2012,'40916','com.pp.assistant',76,6),(2013,'40992','com.pp.assistant',76,6),(2014,'41092','com.pp.assistant',76,6),(2015,'41276','com.pp.assistant',76,6),(2016,'41396','com.pp.assistant',76,6),(2017,'41520','com.pp.assistant',76,6),(2018,'41644','com.pp.assistant',76,6),(2019,'41784','com.pp.assistant',76,6),(2020,'41912','com.pp.assistant',76,6),(2021,'42036','com.pp.assistant',76,6),(2022,'42164','com.pp.assistant',76,6),(2023,'42296','com.pp.assistant',76,6),(2024,'42428','com.pp.assistant',76,6),(2025,'42564','com.pp.assistant',76,6),(2026,'42692','com.pp.assistant',76,6),(2027,'42824','com.pp.assistant',76,6),(2028,'42956','com.pp.assistant',76,6),(2029,'43088','com.pp.assistant',76,6),(2030,'43300','com.pp.assistant',76,6),(2031,'43432','com.pp.assistant',76,6),(2032,'43644','com.pp.assistant',76,6),(2033,'43856','com.pp.assistant',76,6),(2034,'44000','com.pp.assistant',76,6),(2035,'44220','com.pp.assistant',76,6),(2036,'44452','com.pp.assistant',76,6),(2037,'44580','com.pp.assistant',76,6),(2038,'44804','com.pp.assistant',76,6),(2039,'45024','com.pp.assistant',76,6),(2040,'45244','com.pp.assistant',76,6),(2041,'45456','com.pp.assistant',76,6),(2042,'45600','com.pp.assistant',76,6),(2043,'45652','com.pp.assistant',76,6),(2044,'39676','com.pp.assistant',76,6),(2045,'39688','com.pp.assistant',76,6),(2046,'39696','com.pp.assistant',76,6),(2047,'39708','com.pp.assistant',76,6),(2048,'39764','com.pp.assistant',76,6),(2049,'39828','com.pp.assistant',76,6),(2050,'39936','com.pp.assistant',76,6),(2051,'40052','com.pp.assistant',76,6),(2052,'40144','com.pp.assistant',76,6),(2053,'40324','com.pp.assistant',76,6),(2054,'40524','com.pp.assistant',76,6),(2055,'40708','com.pp.assistant',76,6),(2056,'40900','com.pp.assistant',76,6),(2057,'41096','com.pp.assistant',76,6),(2058,'41292','com.pp.assistant',76,6),(2059,'41484','com.pp.assistant',76,6),(2060,'41680','com.pp.assistant',76,6),(2061,'41796','com.pp.assistant',76,6),(2062,'41916','com.pp.assistant',76,6),(2063,'42104','com.pp.assistant',76,6),(2064,'42300','com.pp.assistant',76,6),(2065,'42496','com.pp.assistant',76,6),(2066,'42700','com.pp.assistant',76,6),(2067,'42904','com.pp.assistant',76,6),(2068,'43032','com.pp.assistant',76,6),(2069,'43160','com.pp.assistant',76,6),(2070,'43288','com.pp.assistant',76,6),(2071,'43416','com.pp.assistant',76,6),(2072,'43544','com.pp.assistant',76,6),(2073,'43752','com.pp.assistant',76,6),(2074,'43884','com.pp.assistant',76,6),(2075,'44020','com.pp.assistant',76,6),(2076,'44152','com.pp.assistant',76,6),(2077,'44220','com.pp.assistant',76,6),(2078,'39828','com.pp.assistant',76,6),(2079,'39924','com.pp.assistant',76,6),(2080,'40020','com.pp.assistant',76,6),(2081,'40132','com.pp.assistant',76,6),(2082,'40240','com.pp.assistant',76,6),(2083,'40360','com.pp.assistant',76,6),(2084,'40484','com.pp.assistant',76,6),(2085,'40600','com.pp.assistant',76,6),(2086,'40720','com.pp.assistant',76,6),(2087,'40840','com.pp.assistant',76,6),(2088,'40968','com.pp.assistant',76,6),(2089,'41088','com.pp.assistant',76,6),(2090,'41212','com.pp.assistant',76,6),(2091,'41332','com.pp.assistant',76,6),(2092,'41364','com.pp.assistant',76,6),(2093,'41376','com.pp.assistant',76,6),(2094,'41384','com.pp.assistant',76,6),(2095,'41396','com.pp.assistant',76,6),(2096,'41404','com.pp.assistant',76,6),(2097,'41412','com.pp.assistant',76,6),(2098,'41424','com.pp.assistant',76,6),(2099,'41472','com.pp.assistant',76,6),(2100,'41536','com.pp.assistant',76,6),(2101,'41604','com.pp.assistant',76,6),(2102,'41700','com.pp.assistant',76,6),(2103,'41808','com.pp.assistant',76,6),(2104,'41916','com.pp.assistant',76,6),(2105,'42028','com.pp.assistant',76,6),(2106,'42144','com.pp.assistant',76,6),(2107,'42256','com.pp.assistant',76,6),(2108,'42368','com.pp.assistant',76,6),(2109,'42488','com.pp.assistant',76,6),(2110,'42604','com.pp.assistant',76,6),(2111,'42724','com.pp.assistant',76,6),(2112,'42844','com.pp.assistant',76,6),(2113,'42968','com.pp.assistant',76,6),(2114,'43092','com.pp.assistant',76,6),(2115,'43289','com.pp.assistant',76,6),(2116,'43413','com.pp.assistant',76,6),(2117,'43537','com.pp.assistant',76,6),(2118,'43661','com.pp.assistant',76,6),(2119,'43785','com.pp.assistant',76,6),(2120,'43917','com.pp.assistant',76,6),(2121,'44037','com.pp.assistant',76,6),(2122,'44153','com.pp.assistant',76,6);

/*Table structure for table `android_test_type` */

DROP TABLE IF EXISTS `android_test_type`;

CREATE TABLE `android_test_type` (
  `typeId` int(11) NOT NULL AUTO_INCREMENT,
  `typeName` varchar(255) DEFAULT NULL,
  PRIMARY KEY (`typeId`)
) ENGINE=InnoDB AUTO_INCREMENT=7 DEFAULT CHARSET=utf8;

/*Data for the table `android_test_type` */

insert  into `android_test_type`(`typeId`,`typeName`) values (-1,'打包任务回调'),(0,'打包'),(1,'CPU'),(2,'内存'),(3,'JS'),(4,'UI'),(5,'下载'),(6,'Monkey');

/*Table structure for table `android_test_type_detail` */

DROP TABLE IF EXISTS `android_test_type_detail`;

CREATE TABLE `android_test_type_detail` (
  `typeId` int(11) NOT NULL,
  `requestUrl` varchar(255) CHARACTER SET utf8 DEFAULT NULL,
  `type_detail_id` int(11) NOT NULL AUTO_INCREMENT,
  PRIMARY KEY (`type_detail_id`)
) ENGINE=InnoDB AUTO_INCREMENT=13 DEFAULT CHARSET=latin1;

/*Data for the table `android_test_type_detail` */

insert  into `android_test_type_detail`(`typeId`,`requestUrl`,`type_detail_id`) values (-2,'curl -X POST \"http://100.84.43.15:8080/jenkins/job/pp_pack_test_lyy_auto_build/buildWithParameters?token=dda5b27de1df20eedd4df9a7cd347fcd&pack_task_id=$param$\" --user pp_android:PK2dy65N\\(ZJDxE4R',1),(-1,'curl  http://100.84.43.15:9000/callback/TaskController/triggerJob?packTaskId=$param$',2),(0,'curl -X POST \"http://100.84.43.15:8080/jenkins/job/pp_ci_pack/buildWithParameters?token=dda5b27de1df20eedd4df9a7cd347fcd&pack_task_id=$param$\" --user pp_android:PK2dy65N\\(ZJDxE4R',3),(1,'curl -X POST \"http://100.84.43.15:8080/jenkins/job/pp_ci_test_cpu/buildWithParameters?token=dda5b27de1df20eedd4df9a7cd347fcd&sub_task_id=$param$\" --user pp_android:PK2dy65N\\(ZJDxE4R',4),(2,'curl -X POST \"http://100.84.43.15:8080/jenkins/job/pp_ci_test_memory/buildWithParameters?token=dda5b27de1df20eedd4df9a7cd347fcd&sub_task_id=$param$\" --user pp_android:PK2dy65N\\(ZJDxE4R',5),(3,'curl -X POST \"http://100.84.43.15:8080/jenkins/job/pp_ci_test_js/buildWithParameters?token=dda5b27de1df20eedd4df9a7cd347fcd&sub_task_id=$param$\" --user pp_android:PK2dy65N\\(ZJDxE4R',6),(4,'curl -X POST \"http://100.84.43.15:8080/jenkins/job/pp_ci_test_download/buildWithParameters?token=dda5b27de1df20eedd4df9a7cd347fcd&sub_task_id=$param$\" --user pp_android:PK2dy65N\\(ZJDxE4R',7),(5,'curl -X POST \"http://100.84.43.15:8080/jenkins/job/pp_ci_test_ui/buildWithParameters?token=dda5b27de1df20eedd4df9a7cd347fcd&sub_task_id=$param$\" --user pp_android:PK2dy65N\\(ZJDxE4R',8),(6,'curl -X POST \"http://100.84.35.78:4456/jenkins/job/pp_ci_test_monkey1/buildWithParameters??token=9abf8bea99873a62f74de6ba8922966d&pp_download_url=$package_url$&sub_task_id=$sub_task_id$\" --user pp_android:PK2dy65N\\(ZJDxE4R',9),(6,'curl -X POST \"http://100.84.35.78:4456/jenkins/job/pp_ci_test_monkey2/buildWithParameters??token=9abf8bea99873a62f74de6ba8922966d&pp_download_url=$package_url$&sub_task_id=$sub_task_id$\" --user pp_android:PK2dy65N\\(ZJDxE4R',10),(6,'curl -X POST \"http://100.84.35.78:4456/jenkins/job/pp_ci_test_monkey3/buildWithParameters??token=9abf8bea99873a62f74de6ba8922966d&pp_download_url=$package_url$&sub_task_id=$sub_task_id$\" --user pp_android:PK2dy65N\\(ZJDxE4R',11),(6,'curl -X POST \"http://100.84.35.78:4456/jenkins/job/pp_ci_test_monkey4/buildWithParameters??token=9abf8bea99873a62f74de6ba8922966d&pp_download_url=$package_url$&sub_task_id=$sub_task_id$\" --user pp_android:PK2dy65N\\(ZJDxE4R',12);

/*!40101 SET SQL_MODE=@OLD_SQL_MODE */;
/*!40014 SET FOREIGN_KEY_CHECKS=@OLD_FOREIGN_KEY_CHECKS */;
/*!40014 SET UNIQUE_CHECKS=@OLD_UNIQUE_CHECKS */;
/*!40111 SET SQL_NOTES=@OLD_SQL_NOTES */;
